시도,시군구,시간대,발생건수,사망자수,부상자수,중상,경상,부상신고
서울,종로구,00시-02시,45,0,71,19,44,8
서울,종로구,02시-04시,93,0,137,31,74,32
서울,종로구,04시-06시,92,0,122,35,73,14
서울,종로구,06시-08시,86,1,116,33,60,23
서울,종로구,08시-10시,87,0,126,23,89,14
서울,종로구,10시-12시,92,1,121,28,83,10
서울,종로구,12시-14시,90,0,123,28,75,20
서울,종로구,14시-16시,95,0,125,28,79,18
서울,종로구,16시-18시,110,0,144,33,93,18
서울,종로구,18시-20시,92,1,120,26,80,14
서울,종로구,20시-22시,89,1,116,24,76,16
서울,종로구,22시-24시,97,2,126,30,81,15
서울,중구,00시-02시,39,0,57,16,38,3
서울,중구,02시-04시,73,0,111,24,69,18
서울,중구,04시-06시,78,2,123,27,81,15
서울,중구,06시-08시,78,0,108,34,62,12
서울,중구,08시-10시,94,1,132,44,73,15
서울,중구,10시-12시,81,1,101,36,52,13
서울,중구,12시-14시,92,0,118,38,65,15
서울,중구,14시-16시,81,0,108,33,68,7
서울,중구,16시-18시,92,0,120,29,76,15
서울,중구,18시-20시,92,0,114,26,65,23
서울,중구,20시-22시,86,1,116,30,76,10
서울,중구,22시-24시,96,2,120,29,75,16
서울,용산구,00시-02시,40,1,57,13,35,9
서울,용산구,02시-04시,80,2,114,36,69,9
서울,용산구,04시-06시,115,2,144,37,95,12
서울,용산구,06시-08시,113,2,148,41,96,11
서울,용산구,08시-10시,100,0,142,34,97,11
서울,용산구,10시-12시,104,1,141,37,89,15
서울,용산구,12시-14시,107,2,139,34,92,13
서울,용산구,14시-16시,98,0,134,37,86,11
서울,용산구,16시-18시,104,0,143,27,99,17
서울,용산구,18시-20시,113,2,169,45,111,13
서울,용산구,20시-22시,78,0,129,22,97,10
서울,용산구,22시-24시,86,0,118,22,82,14
서울,성동구,00시-02시,31,0,40,9,29,2
서울,성동구,02시-04시,68,0,108,29,57,22
서울,성동구,04시-06시,78,0,103,28,57,18
서울,성동구,06시-08시,89,1,128,37,79,12
서울,성동구,08시-10시,79,0,98,31,50,17
서울,성동구,10시-12시,85,2,117,39,60,18
서울,성동구,12시-14시,87,1,124,44,62,18
서울,성동구,14시-16시,87,0,119,33,70,16
서울,성동구,16시-18시,95,0,121,40,66,15
서울,성동구,18시-20시,66,2,83,20,56,7
서울,성동구,20시-22시,87,0,112,34,61,17
서울,성동구,22시-24시,78,1,123,29,69,25
서울,동대문구,00시-02시,76,1,88,20,58,10
서울,동대문구,02시-04시,104,0,143,43,85,15
서울,동대문구,04시-06시,130,2,177,50,118,9
서울,동대문구,06시-08시,136,2,174,46,109,19
서울,동대문구,08시-10시,135,0,161,40,111,10
서울,동대문구,10시-12시,117,0,173,39,119,15
서울,동대문구,12시-14시,128,2,172,41,106,25
서울,동대문구,14시-16시,150,0,172,55,103,14
서울,동대문구,16시-18시,163,2,211,63,121,27
서울,동대문구,18시-20시,149,0,195,45,133,17
서울,동대문구,20시-22시,139,0,193,53,134,6
서울,동대문구,22시-24시,141,2,184,42,127,15
서울,성북구,00시-02시,51,0,64,21,39,4
서울,성북구,02시-04시,108,0,136,36,95,5
서울,성북구,04시-06시,111,2,133,33,83,17
서울,성북구,06시-08시,113,3,155,39,92,24
서울,성북구,08시-10시,116,2,157,45,105,7
서울,성북구,10시-12시,112,1,161,44,102,15
서울,성북구,12시-14시,105,0,157,36,102,19
서울,성북구,14시-16시,106,2,147,25,108,14
서울,성북구,16시-18시,94,0,114,37,74,3
서울,성북구,18시-20시,112,1,174,40,121,13
서울,성북구,20시-22시,110,1,145,46,87,12
서울,성북구,22시-24시,122,1,174,46,108,20
서울,도봉구,00시-02시,29,0,43,11,23,9
서울,도봉구,02시-04시,56,0,78,25,41,12
서울,도봉구,04시-06시,56,0,79,28,42,9
서울,도봉구,06시-08시,68,2,84,34,43,7
서울,도봉구,08시-10시,57,1,72,18,43,11
서울,도봉구,10시-12시,65,2,87,23,51,13
서울,도봉구,12시-14시,70,0,101,21,64,16
서울,도봉구,14시-16시,59,1,74,27,41,6
서울,도봉구,16시-18시,57,0,77,22,45,10
서울,도봉구,18시-20시,60,1,108,20,64,24
서울,도봉구,20시-22시,52,0,66,24,33,9
서울,도봉구,22시-24시,70,0,91,29,52,10
서울,은평구,00시-02시,30,0,34,11,22,1
서울,은평구,02시-04시,78,1,110,27,71,12
서울,은평구,04시-06시,85,0,116,35,67,14
서울,은평구,06시-08시,62,1,82,27,47,8
서울,은평구,08시-10시,87,4,111,33,60,18
서울,은평구,10시-12시,85,1,107,28,69,10
서울,은평구,12시-14시,89,1,114,26,68,20
서울,은평구,14시-16시,74,1,92,22,57,13
서울,은평구,16시-18시,83,1,108,27,69,12
서울,은평구,18시-20시,74,1,129,26,81,22
서울,은평구,20시-22시,74,0,104,34,56,14
서울,은평구,22시-24시,69,2,93,21,63,9
서울,서대문구,00시-02시,36,1,48,12,34,2
서울,서대문구,02시-04시,67,2,86,29,46,11
서울,서대문구,04시-06시,63,0,102,22,65,15
서울,서대문구,06시-08시,82,0,105,33,57,15
서울,서대문구,08시-10시,62,0,78,21,48,9
서울,서대문구,10시-12시,78,2,106,31,59,16
서울,서대문구,12시-14시,92,2,134,42,70,22
서울,서대문구,14시-16시,66,1,97,27,48,22
서울,서대문구,16시-18시,62,0,85,28,45,12
서울,서대문구,18시-20시,72,1,135,21,97,17
서울,서대문구,20시-22시,59,3,70,25,39,6
서울,서대문구,22시-24시,69,0,93,25,48,20
서울,마포구,00시-02시,60,0,110,24,69,17
서울,마포구,02시-04시,109,0,162,39,112,11
서울,마포구,04시-06시,120,0,180,49,117,14
서울,마포구,06시-08시,136,1,229,60,145,24
서울,마포구,08시-10시,112,3,165,39,109,17
서울,마포구,10시-12시,126,0,179,43,116,20
서울,마포구,12시-14시,124,1,187,46,125,16
서울,마포구,14시-16시,115,0,179,41,121,17
서울,마포구,16시-18시,115,1,174,49,107,18
서울,마포구,18시-20시,113,2,154,41,97,16
서울,마포구,20시-22시,122,0,186,49,118,19
서울,마포구,22시-24시,117,1,201,57,130,14
서울,강서구,00시-02시,59,0,88,20,61,7
서울,강서구,02시-04시,128,0,179,44,123,12
서울,강서구,04시-06시,114,0,151,35,104,12
서울,강서구,06시-08시,133,0,208,37,149,22
서울,강서구,08시-10시,106,1,126,32,80,14
서울,강서구,10시-12시,146,0,207,39,146,22
서울,강서구,12시-14시,132,0,194,43,139,12
서울,강서구,14시-16시,125,0,155,41,101,13
서울,강서구,16시-18시,119,1,162,40,104,18
서울,강서구,18시-20시,124,1,180,44,126,10
서울,강서구,20시-22시,136,2,191,39,137,15
서울,강서구,22시-24시,116,3,200,62,105,33
서울,구로구,00시-02시,45,2,63,19,39,5
서울,구로구,02시-04시,87,0,125,27,86,12
서울,구로구,04시-06시,93,2,138,34,88,16
서울,구로구,06시-08시,105,1,137,36,86,15
서울,구로구,08시-10시,88,0,124,31,76,17
서울,구로구,10시-12시,106,4,152,53,85,14
서울,구로구,12시-14시,112,1,164,59,92,13
서울,구로구,14시-16시,94,1,131,29,86,16
서울,구로구,16시-18시,101,2,131,34,85,12
서울,구로구,18시-20시,101,0,137,43,86,8
서울,구로구,20시-22시,99,2,129,29,90,10
서울,구로구,22시-24시,87,0,134,24,101,9
서울,영등포구,00시-02시,79,2,108,28,72,8
서울,영등포구,02시-04시,184,1,257,55,171,31
서울,영등포구,04시-06시,171,1,232,53,146,33
서울,영등포구,06시-08시,152,2,234,49,149,36
서울,영등포구,08시-10시,174,1,253,61,163,29
서울,영등포구,10시-12시,142,0,202,44,129,29
서울,영등포구,12시-14시,171,1,245,48,162,35
서울,영등포구,14시-16시,151,1,215,46,138,31
서울,영등포구,16시-18시,142,4,208,45,141,22
서울,영등포구,18시-20시,174,3,269,56,180,33
서울,영등포구,20시-22시,149,3,210,47,137,26
서울,영등포구,22시-24시,149,3,209,50,129,30
서울,동작구,00시-02시,30,0,37,11,20,6
서울,동작구,02시-04시,89,0,127,28,88,11
서울,동작구,04시-06시,92,0,139,32,89,18
서울,동작구,06시-08시,83,0,120,19,85,16
서울,동작구,08시-10시,80,1,123,23,95,5
서울,동작구,10시-12시,101,0,131,26,90,15
서울,동작구,12시-14시,95,0,128,26,87,15
서울,동작구,14시-16시,91,0,131,38,74,19
서울,동작구,16시-18시,109,0,153,33,104,16
서울,동작구,18시-20시,81,1,122,31,77,14
서울,동작구,20시-22시,81,2,123,26,81,16
서울,동작구,22시-24시,104,0,136,32,83,21
서울,관악구,00시-02시,55,0,74,13,54,7
서울,관악구,02시-04시,100,1,130,30,85,15
서울,관악구,04시-06시,90,2,116,22,83,11
서울,관악구,06시-08시,103,1,135,33,84,18
서울,관악구,08시-10시,103,0,136,29,100,7
서울,관악구,10시-12시,113,1,145,45,89,11
서울,관악구,12시-14시,131,3,163,38,110,15
서울,관악구,14시-16시,126,0,167,41,117,9
서울,관악구,16시-18시,111,1,149,29,104,16
서울,관악구,18시-20시,66,1,93,18,71,4
서울,관악구,20시-22시,102,0,126,32,87,7
서울,관악구,22시-24시,99,1,126,30,88,8
서울,강남구,00시-02시,115,1,148,36,97,15
서울,강남구,02시-04시,233,1,353,80,225,48
서울,강남구,04시-06시,248,3,351,66,247,38
서울,강남구,06시-08시,260,0,352,81,231,40
서울,강남구,08시-10시,258,3,360,79,240,41
서울,강남구,10시-12시,237,1,350,82,227,41
서울,강남구,12시-14시,268,1,391,63,279,49
서울,강남구,14시-16시,274,2,403,84,268,51
서울,강남구,16시-18시,273,0,390,74,273,43
서울,강남구,18시-20시,261,0,397,69,271,57
서울,강남구,20시-22시,257,2,367,67,249,51
서울,강남구,22시-24시,267,3,364,77,240,47
서울,강동구,00시-02시,55,0,75,28,39,8
서울,강동구,02시-04시,107,2,172,51,114,7
서울,강동구,04시-06시,100,1,145,32,95,18
서울,강동구,06시-08시,105,2,136,36,93,7
서울,강동구,08시-10시,83,0,136,40,82,14
서울,강동구,10시-12시,96,0,132,26,100,6
서울,강동구,12시-14시,92,4,120,30,82,8
서울,강동구,14시-16시,117,3,158,37,112,9
서울,강동구,16시-18시,89,4,129,31,91,7
서울,강동구,18시-20시,89,0,120,26,87,7
서울,강동구,20시-22시,93,1,132,33,87,12
서울,강동구,22시-24시,101,0,147,37,102,8
서울,송파구,00시-02시,85,0,117,29,69,19
서울,송파구,02시-04시,172,1,239,58,147,34
서울,송파구,04시-06시,186,2,255,58,165,32
서울,송파구,06시-08시,193,0,282,58,174,50
서울,송파구,08시-10시,187,1,262,62,164,36
서울,송파구,10시-12시,173,2,224,61,131,32
서울,송파구,12시-14시,174,0,239,61,144,34
서울,송파구,14시-16시,180,0,252,68,142,42
서울,송파구,16시-18시,193,0,271,65,156,50
서울,송파구,18시-20시,179,0,264,71,147,46
서울,송파구,20시-22시,164,3,233,73,125,35
서울,송파구,22시-24시,156,1,214,57,121,36
서울,서초구,00시-02시,75,0,140,24,88,28
서울,서초구,02시-04시,153,2,256,66,163,27
서울,서초구,04시-06시,115,0,192,47,128,17
서울,서초구,06시-08시,160,1,228,59,142,27
서울,서초구,08시-10시,133,0,180,37,127,16
서울,서초구,10시-12시,153,1,245,56,159,30
서울,서초구,12시-14시,149,1,247,62,164,21
서울,서초구,14시-16시,128,3,188,46,115,27
서울,서초구,16시-18시,149,5,213,64,137,12
서울,서초구,18시-20시,136,2,211,54,142,15
서울,서초구,20시-22시,149,0,238,59,150,29
서울,서초구,22시-24시,116,0,168,40,113,15
서울,양천구,00시-02시,55,0,72,19,50,3
서울,양천구,02시-04시,102,0,152,35,103,14
서울,양천구,04시-06시,103,3,143,33,94,16
서울,양천구,06시-08시,97,2,133,27,89,17
서울,양천구,08시-10시,106,1,153,51,96,6
서울,양천구,10시-12시,108,2,164,36,118,10
서울,양천구,12시-14시,116,1,158,28,117,13
서울,양천구,14시-16시,98,0,129,34,87,8
서울,양천구,16시-18시,105,0,136,46,77,13
서울,양천구,18시-20시,106,0,156,31,116,9
서울,양천구,20시-22시,97,0,117,33,77,7
서울,양천구,22시-24시,89,1,113,29,69,15
서울,중랑구,00시-02시,47,1,66,11,49,6
서울,중랑구,02시-04시,96,0,130,34,76,20
서울,중랑구,04시-06시,103,0,153,37,101,15
서울,중랑구,06시-08시,123,2,176,53,103,20
서울,중랑구,08시-10시,115,1,141,41,80,20
서울,중랑구,10시-12시,110,0,145,41,84,20
서울,중랑구,12시-14시,109,1,154,29,101,24
서울,중랑구,14시-16시,129,1,161,42,87,32
서울,중랑구,16시-18시,112,1,138,48,74,16
서울,중랑구,18시-20시,109,0,141,39,89,13
서울,중랑구,20시-22시,108,2,146,35,93,18
서울,중랑구,22시-24시,120,0,159,43,92,24
서울,노원구,00시-02시,49,1,73,16,41,16
서울,노원구,02시-04시,99,0,153,32,95,26
서울,노원구,04시-06시,112,1,165,38,99,28
서울,노원구,06시-08시,109,1,169,50,99,20
서울,노원구,08시-10시,89,2,127,31,78,18
서울,노원구,10시-12시,88,2,120,33,76,11
서울,노원구,12시-14시,96,1,119,28,76,15
서울,노원구,14시-16시,94,0,121,27,78,16
서울,노원구,16시-18시,112,2,149,40,97,12
서울,노원구,18시-20시,81,1,119,26,83,10
서울,노원구,20시-22시,119,1,162,37,104,21
서울,노원구,22시-24시,84,0,110,35,61,14
서울,광진구,00시-02시,36,0,45,13,30,2
서울,광진구,02시-04시,84,0,125,37,83,5
서울,광진구,04시-06시,87,1,120,31,76,13
서울,광진구,06시-08시,72,4,95,35,51,9
서울,광진구,08시-10시,68,0,91,22,57,12
서울,광진구,10시-12시,91,0,129,31,86,12
서울,광진구,12시-14시,88,1,123,31,83,9
서울,광진구,14시-16시,72,1,113,32,68,13
서울,광진구,16시-18시,82,1,107,32,70,5
서울,광진구,18시-20시,104,0,164,51,91,22
서울,광진구,20시-22시,72,1,106,32,59,15
서울,광진구,22시-24시,86,2,118,35,76,7
서울,강북구,00시-02시,43,1,50,7,40,3
서울,강북구,02시-04시,88,0,117,37,73,7
서울,강북구,04시-06시,87,0,115,27,81,7
서울,강북구,06시-08시,70,0,90,25,55,10
서울,강북구,08시-10시,88,1,117,27,85,5
서울,강북구,10시-12시,78,1,91,25,62,4
서울,강북구,12시-14시,86,1,122,29,87,6
서울,강북구,14시-16시,71,0,93,25,58,10
서울,강북구,16시-18시,76,0,104,29,69,6
서울,강북구,18시-20시,82,2,130,30,92,8
서울,강북구,20시-22시,81,2,104,29,67,8
서울,강북구,22시-24시,77,3,107,34,67,6
서울,금천구,00시-02시,24,0,37,7,27,3
서울,금천구,02시-04시,51,0,85,13,63,9
서울,금천구,04시-06시,57,0,86,23,52,11
서울,금천구,06시-08시,51,2,86,16,66,4
서울,금천구,08시-10시,62,0,91,20,65,6
서울,금천구,10시-12시,62,0,99,24,71,4
서울,금천구,12시-14시,69,2,95,22,67,6
서울,금천구,14시-16시,46,0,65,14,46,5
서울,금천구,16시-18시,63,1,86,13,68,5
서울,금천구,18시-20시,72,0,110,26,75,9
서울,금천구,20시-22시,60,2,91,21,64,6
서울,금천구,22시-24시,60,2,92,23,63,6
부산,중구,00시-02시,6,0,10,4,4,2
부산,중구,02시-04시,29,1,37,11,24,2
부산,중구,04시-06시,17,0,22,5,15,2
부산,중구,06시-08시,17,1,16,8,6,2
부산,중구,08시-10시,20,0,27,10,15,2
부산,중구,10시-12시,30,0,37,18,19,0
부산,중구,12시-14시,25,0,32,11,17,4
부산,중구,14시-16시,26,0,36,11,25,0
부산,중구,16시-18시,17,1,23,5,17,1
부산,중구,18시-20시,27,0,50,7,30,13
부산,중구,20시-22시,21,0,24,14,7,3
부산,중구,22시-24시,21,0,29,7,20,2
부산,서구,00시-02시,30,0,50,24,23,3
부산,서구,02시-04시,37,1,53,18,31,4
부산,서구,04시-06시,29,1,42,12,28,2
부산,서구,06시-08시,36,0,62,16,41,5
부산,서구,08시-10시,30,1,47,14,29,4
부산,서구,10시-12시,32,0,49,9,38,2
부산,서구,12시-14시,36,0,52,17,33,2
부산,서구,14시-16시,30,0,45,21,20,4
부산,서구,16시-18시,31,0,37,11,25,1
부산,서구,18시-20시,31,2,47,17,26,4
부산,서구,20시-22시,37,0,62,14,47,1
부산,서구,22시-24시,36,1,54,13,34,7
부산,동구,00시-02시,14,0,17,5,9,3
부산,동구,02시-04시,27,0,31,14,17,0
부산,동구,04시-06시,34,0,40,17,21,2
부산,동구,06시-08시,46,2,63,13,44,6
부산,동구,08시-10시,30,4,42,17,24,1
부산,동구,10시-12시,32,0,44,15,27,2
부산,동구,12시-14시,35,1,46,18,27,1
부산,동구,14시-16시,38,1,46,14,29,3
부산,동구,16시-18시,33,0,52,13,35,4
부산,동구,18시-20시,29,1,36,12,22,2
부산,동구,20시-22시,41,1,62,18,34,10
부산,동구,22시-24시,28,0,36,11,23,2
부산,영도구,00시-02시,14,0,19,7,12,0
부산,영도구,02시-04시,29,1,37,17,19,1
부산,영도구,04시-06시,22,0,26,12,14,0
부산,영도구,06시-08시,20,0,29,10,19,0
부산,영도구,08시-10시,24,2,31,6,25,0
부산,영도구,10시-12시,21,1,22,8,11,3
부산,영도구,12시-14시,23,0,33,15,18,0
부산,영도구,14시-16시,26,0,34,10,24,0
부산,영도구,16시-18시,23,1,32,8,24,0
부산,영도구,18시-20시,31,0,36,10,23,3
부산,영도구,20시-22시,34,0,57,15,38,4
부산,영도구,22시-24시,39,0,58,22,36,0
부산,부산진구,00시-02시,44,0,70,29,35,6
부산,부산진구,02시-04시,91,1,121,51,64,6
부산,부산진구,04시-06시,83,0,100,37,56,7
부산,부산진구,06시-08시,107,1,149,48,86,15
부산,부산진구,08시-10시,106,1,134,58,66,10
부산,부산진구,10시-12시,97,1,135,55,73,7
부산,부산진구,12시-14시,95,0,136,28,98,10
부산,부산진구,14시-16시,79,0,120,34,79,7
부산,부산진구,16시-18시,110,1,161,54,99,8
부산,부산진구,18시-20시,97,3,129,56,68,5
부산,부산진구,20시-22시,87,2,103,32,63,8
부산,부산진구,22시-24시,107,2,141,53,81,7
부산,동래구,00시-02시,33,0,40,18,20,2
부산,동래구,02시-04시,56,1,74,36,34,4
부산,동래구,04시-06시,81,1,103,43,54,6
부산,동래구,06시-08시,67,1,95,34,56,5
부산,동래구,08시-10시,58,0,83,38,43,2
부산,동래구,10시-12시,64,1,78,30,42,6
부산,동래구,12시-14시,72,1,94,40,50,4
부산,동래구,14시-16시,68,0,85,31,44,10
부산,동래구,16시-18시,73,0,103,27,68,8
부산,동래구,18시-20시,67,1,88,25,54,9
부산,동래구,20시-22시,68,0,79,23,56,0
부산,동래구,22시-24시,57,0,71,23,42,6
부산,남구,00시-02시,39,0,54,12,40,2
부산,남구,02시-04시,65,0,87,27,51,9
부산,남구,04시-06시,64,0,95,27,55,13
부산,남구,06시-08시,62,1,91,28,54,9
부산,남구,08시-10시,55,0,75,21,47,7
부산,남구,10시-12시,76,0,114,39,68,7
부산,남구,12시-14시,56,0,82,27,47,8
부산,남구,14시-16시,49,0,64,23,37,4
부산,남구,16시-18시,45,2,54,18,28,8
부산,남구,18시-20시,58,1,77,23,49,5
부산,남구,20시-22시,50,3,73,18,44,11
부산,남구,22시-24시,59,0,82,22,53,7
부산,북구,00시-02시,21,0,27,12,15,0
부산,북구,02시-04시,48,0,80,26,49,5
부산,북구,04시-06시,48,0,76,22,50,4
부산,북구,06시-08시,59,0,85,26,56,3
부산,북구,08시-10시,49,1,64,22,38,4
부산,북구,10시-12시,39,1,52,15,35,2
부산,북구,12시-14시,60,0,82,30,46,6
부산,북구,14시-16시,48,2,66,18,43,5
부산,북구,16시-18시,46,0,73,16,56,1
부산,북구,18시-20시,44,0,51,12,37,2
부산,북구,20시-22시,48,0,71,24,42,5
부산,북구,22시-24시,40,2,60,17,39,4
부산,해운대구,00시-02시,40,0,60,19,34,7
부산,해운대구,02시-04시,92,2,136,41,91,4
부산,해운대구,04시-06시,86,1,102,31,63,8
부산,해운대구,06시-08시,84,3,118,46,65,7
부산,해운대구,08시-10시,72,1,94,34,53,7
부산,해운대구,10시-12시,80,1,104,37,60,7
부산,해운대구,12시-14시,93,1,147,45,80,22
부산,해운대구,14시-16시,88,1,121,32,83,6
부산,해운대구,16시-18시,74,1,96,25,56,15
부산,해운대구,18시-20시,92,0,130,32,88,10
부산,해운대구,20시-22시,86,2,102,32,54,16
부산,해운대구,22시-24시,84,1,118,30,80,8
부산,사하구,00시-02시,34,0,44,14,21,9
부산,사하구,02시-04시,76,0,107,30,66,11
부산,사하구,04시-06시,93,0,145,33,87,25
부산,사하구,06시-08시,78,1,131,33,85,13
부산,사하구,08시-10시,72,1,91,24,59,8
부산,사하구,10시-12시,78,1,96,31,58,7
부산,사하구,12시-14시,62,1,77,20,52,5
부산,사하구,14시-16시,69,1,91,33,48,10
부산,사하구,16시-18시,73,2,98,21,62,15
부산,사하구,18시-20시,78,1,110,27,74,9
부산,사하구,20시-22시,74,2,117,34,75,8
부산,사하구,22시-24시,72,0,105,28,67,10
부산,금정구,00시-02시,39,0,53,15,37,1
부산,금정구,02시-04시,72,0,102,30,50,22
부산,금정구,04시-06시,64,2,74,27,33,14
부산,금정구,06시-08시,75,0,105,30,62,13
부산,금정구,08시-10시,49,0,69,18,35,16
부산,금정구,10시-12시,74,1,99,32,54,13
부산,금정구,12시-14시,75,0,95,31,49,15
부산,금정구,14시-16시,69,0,80,26,42,12
부산,금정구,16시-18시,68,1,88,26,50,12
부산,금정구,18시-20시,50,0,70,25,34,11
부산,금정구,20시-22시,59,1,76,21,45,10
부산,금정구,22시-24시,64,0,87,33,33,21
부산,강서구,00시-02시,16,0,19,12,6,1
부산,강서구,02시-04시,53,4,81,32,42,7
부산,강서구,04시-06시,40,0,91,42,41,8
부산,강서구,06시-08시,53,3,81,23,57,1
부산,강서구,08시-10시,32,3,54,23,27,4
부산,강서구,10시-12시,41,3,55,20,33,2
부산,강서구,12시-14시,35,2,53,17,35,1
부산,강서구,14시-16시,49,1,81,30,45,6
부산,강서구,16시-18시,53,1,89,31,50,8
부산,강서구,18시-20시,40,2,76,32,32,12
부산,강서구,20시-22시,37,2,54,27,25,2
부산,강서구,22시-24시,39,3,67,42,18,7
부산,연제구,00시-02시,19,0,29,12,16,1
부산,연제구,02시-04시,42,0,53,19,27,7
부산,연제구,04시-06시,39,1,51,17,31,3
부산,연제구,06시-08시,54,0,75,26,46,3
부산,연제구,08시-10시,41,2,51,14,33,4
부산,연제구,10시-12시,58,0,77,24,47,6
부산,연제구,12시-14시,55,0,62,26,33,3
부산,연제구,14시-16시,47,1,61,28,30,3
부산,연제구,16시-18시,41,0,46,19,23,4
부산,연제구,18시-20시,45,0,57,22,31,4
부산,연제구,20시-22시,36,0,42,17,22,3
부산,연제구,22시-24시,43,0,52,18,31,3
부산,수영구,00시-02시,23,0,30,12,13,5
부산,수영구,02시-04시,40,0,54,15,34,5
부산,수영구,04시-06시,51,0,70,22,43,5
부산,수영구,06시-08시,55,0,76,21,51,4
부산,수영구,08시-10시,39,0,47,13,32,2
부산,수영구,10시-12시,67,1,81,34,43,4
부산,수영구,12시-14시,56,0,77,19,52,6
부산,수영구,14시-16시,60,1,93,23,61,9
부산,수영구,16시-18시,49,0,64,21,37,6
부산,수영구,18시-20시,47,1,63,24,36,3
부산,수영구,20시-22시,32,1,42,16,23,3
부산,수영구,22시-24시,43,1,50,21,21,8
부산,사상구,00시-02시,22,0,39,10,23,6
부산,사상구,02시-04시,59,1,80,26,46,8
부산,사상구,04시-06시,68,0,85,28,52,5
부산,사상구,06시-08시,58,1,113,29,74,10
부산,사상구,08시-10시,64,0,105,32,66,7
부산,사상구,10시-12시,73,1,107,25,66,16
부산,사상구,12시-14시,69,2,97,30,56,11
부산,사상구,14시-16시,60,1,89,22,52,15
부산,사상구,16시-18시,65,1,123,31,70,22
부산,사상구,18시-20시,63,0,91,32,51,8
부산,사상구,20시-22시,65,1,87,30,53,4
부산,사상구,22시-24시,58,0,78,28,45,5
부산,기장군,00시-02시,15,0,22,5,17,0
부산,기장군,02시-04시,25,0,37,15,17,5
부산,기장군,04시-06시,32,0,49,10,33,6
부산,기장군,06시-08시,28,2,53,13,39,1
부산,기장군,08시-10시,33,0,66,16,41,9
부산,기장군,10시-12시,30,0,61,10,43,8
부산,기장군,12시-14시,35,0,56,16,38,2
부산,기장군,14시-16시,35,0,84,21,51,12
부산,기장군,16시-18시,33,1,47,20,23,4
부산,기장군,18시-20시,39,0,66,15,48,3
부산,기장군,20시-22시,24,1,41,8,25,8
부산,기장군,22시-24시,20,3,31,9,18,4
경기,수원시,00시-02시,150,1,215,55,144,16
경기,수원시,02시-04시,340,3,493,101,364,28
경기,수원시,04시-06시,338,4,491,96,360,35
경기,수원시,06시-08시,353,4,494,128,340,26
경기,수원시,08시-10시,330,1,489,91,374,24
경기,수원시,10시-12시,357,3,512,114,367,31
경기,수원시,12시-14시,346,2,484,100,363,21
경기,수원시,14시-16시,341,1,517,115,366,36
경기,수원시,16시-18시,386,3,563,130,394,39
경기,수원시,18시-20시,334,0,506,109,362,35
경기,수원시,20시-22시,348,2,518,126,359,33
경기,수원시,22시-24시,356,3,526,112,385,29
경기,성남시,00시-02시,120,0,168,43,103,22
경기,성남시,02시-04시,226,4,340,103,217,20
경기,성남시,04시-06시,223,4,336,97,209,30
경기,성남시,06시-08시,239,1,394,98,269,27
경기,성남시,08시-10시,268,4,426,124,277,25
경기,성남시,10시-12시,279,2,462,143,294,25
경기,성남시,12시-14시,244,4,386,108,246,32
경기,성남시,14시-16시,248,2,368,99,244,25
경기,성남시,16시-18시,268,2,383,107,253,23
경기,성남시,18시-20시,208,4,292,76,185,31
경기,성남시,20시-22시,236,8,331,86,229,16
경기,성남시,22시-24시,250,2,353,93,220,40
경기,의정부시,00시-02시,51,0,82,20,53,9
경기,의정부시,02시-04시,87,0,135,24,100,11
경기,의정부시,04시-06시,119,0,188,32,127,29
경기,의정부시,06시-08시,119,1,160,41,106,13
경기,의정부시,08시-10시,129,0,191,42,139,10
경기,의정부시,10시-12시,99,0,155,42,91,22
경기,의정부시,12시-14시,105,1,144,32,96,16
경기,의정부시,14시-16시,103,1,143,36,95,12
경기,의정부시,16시-18시,129,5,195,41,137,17
경기,의정부시,18시-20시,111,2,174,31,127,16
경기,의정부시,20시-22시,112,2,165,40,100,25
경기,의정부시,22시-24시,110,2,150,34,105,11
경기,안양시,00시-02시,70,0,103,29,70,4
경기,안양시,02시-04시,136,0,178,46,117,15
경기,안양시,04시-06시,152,2,228,58,158,12
경기,안양시,06시-08시,145,0,214,47,151,16
경기,안양시,08시-10시,134,5,202,46,139,17
경기,안양시,10시-12시,134,2,180,42,127,11
경기,안양시,12시-14시,140,1,198,47,145,6
경기,안양시,14시-16시,142,0,196,51,130,15
경기,안양시,16시-18시,142,1,203,48,145,10
경기,안양시,18시-20시,129,1,216,52,156,8
경기,안양시,20시-22시,118,1,171,44,120,7
경기,안양시,22시-24시,147,4,224,68,136,20
경기,부천시,00시-02시,94,0,127,31,88,8
경기,부천시,02시-04시,226,4,293,60,212,21
경기,부천시,04시-06시,226,3,316,73,214,29
경기,부천시,06시-08시,214,0,290,79,191,20
경기,부천시,08시-10시,208,3,288,63,198,27
경기,부천시,10시-12시,246,2,344,60,259,25
경기,부천시,12시-14시,241,2,330,75,228,27
경기,부천시,14시-16시,224,3,330,70,239,21
경기,부천시,16시-18시,235,4,342,84,233,25
경기,부천시,18시-20시,205,3,291,70,191,30
경기,부천시,20시-22시,218,2,301,87,194,20
경기,부천시,22시-24시,230,1,305,56,225,24
경기,안산시,00시-02시,126,0,183,46,128,9
경기,안산시,02시-04시,221,2,301,58,235,8
경기,안산시,04시-06시,239,0,385,77,290,18
경기,안산시,06시-08시,243,6,345,89,240,16
경기,안산시,08시-10시,236,3,345,64,257,24
경기,안산시,10시-12시,287,4,415,88,304,23
경기,안산시,12시-14시,271,7,381,96,275,10
경기,안산시,14시-16시,254,2,379,73,289,17
경기,안산시,16시-18시,294,5,453,96,339,18
경기,안산시,18시-20시,240,3,358,84,260,14
경기,안산시,20시-22시,261,3,422,74,329,19
경기,안산시,22시-24시,265,5,401,89,293,19
경기,평택시,00시-02시,88,1,193,48,128,17
경기,평택시,02시-04시,155,5,306,58,226,22
경기,평택시,04시-06시,164,5,267,55,186,26
경기,평택시,06시-08시,152,3,248,63,161,24
경기,평택시,08시-10시,156,2,247,69,160,18
경기,평택시,10시-12시,178,4,272,63,193,16
경기,평택시,12시-14시,161,8,300,63,205,32
경기,평택시,14시-16시,190,4,286,68,201,17
경기,평택시,16시-18시,199,2,351,75,257,19
경기,평택시,18시-20시,189,4,292,70,190,32
경기,평택시,20시-22시,176,6,296,68,194,34
경기,평택시,22시-24시,169,5,241,50,173,18
경기,광명시,00시-02시,40,1,61,15,42,4
경기,광명시,02시-04시,65,0,92,24,59,9
경기,광명시,04시-06시,73,0,99,30,48,21
경기,광명시,06시-08시,84,1,112,28,75,9
경기,광명시,08시-10시,89,0,119,26,68,25
경기,광명시,10시-12시,94,1,145,34,98,13
경기,광명시,12시-14시,82,0,113,35,64,14
경기,광명시,14시-16시,71,1,95,26,58,11
경기,광명시,16시-18시,94,1,127,26,79,22
경기,광명시,18시-20시,78,1,113,26,72,15
경기,광명시,20시-22시,81,3,127,30,75,22
경기,광명시,22시-24시,66,3,96,20,59,17
경기,구리시,00시-02시,19,0,27,7,18,2
경기,구리시,02시-04시,53,1,78,19,55,4
경기,구리시,04시-06시,48,0,80,21,57,2
경기,구리시,06시-08시,37,0,59,9,41,9
경기,구리시,08시-10시,40,2,65,12,52,1
경기,구리시,10시-12시,43,1,55,13,41,1
경기,구리시,12시-14시,50,0,67,11,55,1
경기,구리시,14시-16시,49,2,72,13,57,2
경기,구리시,16시-18시,41,0,56,10,45,1
경기,구리시,18시-20시,49,2,61,19,38,4
경기,구리시,20시-22시,36,0,60,17,41,2
경기,구리시,22시-24시,44,0,92,19,69,4
경기,양주시,00시-02시,23,0,38,14,22,2
경기,양주시,02시-04시,64,0,110,25,80,5
경기,양주시,04시-06시,66,4,91,29,56,6
경기,양주시,06시-08시,83,6,150,36,110,4
경기,양주시,08시-10시,58,1,125,40,82,3
경기,양주시,10시-12시,78,0,123,38,79,6
경기,양주시,12시-14시,95,3,153,28,118,7
경기,양주시,14시-16시,78,1,100,27,64,9
경기,양주시,16시-18시,80,1,109,27,75,7
경기,양주시,18시-20시,70,2,105,33,63,9
경기,양주시,20시-22시,67,1,113,21,85,7
경기,양주시,22시-24시,64,1,94,16,73,5
경기,여주시,00시-02시,24,0,30,9,21,0
경기,여주시,02시-04시,47,0,70,21,46,3
경기,여주시,04시-06시,43,0,80,29,50,1
경기,여주시,06시-08시,53,0,83,28,52,3
경기,여주시,08시-10시,57,2,107,32,75,0
경기,여주시,10시-12시,54,0,83,21,62,0
경기,여주시,12시-14시,40,0,68,19,49,0
경기,여주시,14시-16시,37,2,66,17,49,0
경기,여주시,16시-18시,44,0,80,15,60,5
경기,여주시,18시-20시,36,0,51,12,38,1
경기,여주시,20시-22시,41,2,60,19,39,2
경기,여주시,22시-24시,53,0,84,20,59,5
경기,화성시,00시-02시,73,2,122,33,85,4
경기,화성시,02시-04시,155,1,233,58,162,13
경기,화성시,04시-06시,146,2,242,52,173,17
경기,화성시,06시-08시,145,1,223,45,165,13
경기,화성시,08시-10시,152,6,215,53,150,12
경기,화성시,10시-12시,177,2,293,83,193,17
경기,화성시,12시-14시,159,4,228,55,161,12
경기,화성시,14시-16시,186,7,334,74,244,16
경기,화성시,16시-18시,180,5,292,78,198,16
경기,화성시,18시-20시,169,6,270,77,180,13
경기,화성시,20시-22시,148,1,305,94,200,11
경기,화성시,22시-24시,165,5,253,62,168,23
경기,시흥시,00시-02시,73,0,117,23,88,6
경기,시흥시,02시-04시,151,2,230,57,164,9
경기,시흥시,04시-06시,154,2,235,67,153,15
경기,시흥시,06시-08시,136,5,202,47,144,11
경기,시흥시,08시-10시,157,1,250,53,176,21
경기,시흥시,10시-12시,162,1,263,40,205,18
경기,시흥시,12시-14시,172,2,285,68,207,10
경기,시흥시,14시-16시,151,0,213,58,139,16
경기,시흥시,16시-18시,146,0,220,53,149,18
경기,시흥시,18시-20시,154,2,237,45,176,16
경기,시흥시,20시-22시,148,0,257,55,187,15
경기,시흥시,22시-24시,146,4,233,64,156,13
경기,파주시,00시-02시,47,1,77,20,48,9
경기,파주시,02시-04시,111,1,167,48,102,17
경기,파주시,04시-06시,124,2,191,45,127,19
경기,파주시,06시-08시,120,2,182,52,106,24
경기,파주시,08시-10시,119,1,158,50,97,11
경기,파주시,10시-12시,124,3,177,48,111,18
경기,파주시,12시-14시,107,3,152,49,88,15
경기,파주시,14시-16시,103,4,178,50,102,26
경기,파주시,16시-18시,135,3,202,50,130,22
경기,파주시,18시-20시,103,4,161,42,110,9
경기,파주시,20시-22시,96,3,148,34,92,22
경기,파주시,22시-24시,110,1,186,60,110,16
경기,고양시,00시-02시,112,1,159,35,113,11
경기,고양시,02시-04시,262,5,351,96,215,40
경기,고양시,04시-06시,225,5,333,75,215,43
경기,고양시,06시-08시,259,5,382,99,247,36
경기,고양시,08시-10시,271,5,404,109,257,38
경기,고양시,10시-12시,290,5,419,95,294,30
경기,고양시,12시-14시,264,7,367,99,243,25
경기,고양시,14시-16시,246,5,380,74,264,42
경기,고양시,16시-18시,268,1,406,102,267,37
경기,고양시,18시-20시,270,4,433,116,275,42
경기,고양시,20시-22시,251,5,351,79,235,37
경기,고양시,22시-24시,250,6,363,102,227,34
경기,광주시,00시-02시,31,0,43,7,35,1
경기,광주시,02시-04시,85,1,124,28,93,3
경기,광주시,04시-06시,76,1,108,23,80,5
경기,광주시,06시-08시,89,1,126,29,92,5
경기,광주시,08시-10시,74,2,107,19,82,6
경기,광주시,10시-12시,95,3,132,44,85,3
경기,광주시,12시-14시,83,2,145,52,89,4
경기,광주시,14시-16시,80,0,125,38,81,6
경기,광주시,16시-18시,99,1,145,38,101,6
경기,광주시,18시-20시,86,2,132,26,92,14
경기,광주시,20시-22시,71,1,88,26,59,3
경기,광주시,22시-24시,82,0,127,36,89,2
경기,연천군,00시-02시,12,1,17,4,10,3
경기,연천군,02시-04시,18,0,35,8,25,2
경기,연천군,04시-06시,11,1,19,4,13,2
경기,연천군,06시-08시,18,0,30,10,18,2
경기,연천군,08시-10시,14,0,22,5,17,0
경기,연천군,10시-12시,27,5,33,12,19,2
경기,연천군,12시-14시,14,0,19,9,8,2
경기,연천군,14시-16시,11,1,12,1,10,1
경기,연천군,16시-18시,13,0,33,11,18,4
경기,연천군,18시-20시,15,0,17,3,14,0
경기,연천군,20시-22시,23,2,32,15,17,0
경기,연천군,22시-24시,18,0,28,11,15,2
경기,포천시,00시-02시,26,3,39,20,14,5
경기,포천시,02시-04시,66,0,100,28,55,17
경기,포천시,04시-06시,60,2,90,30,53,7
경기,포천시,06시-08시,70,2,129,40,73,16
경기,포천시,08시-10시,72,4,131,35,77,19
경기,포천시,10시-12시,61,2,96,26,57,13
경기,포천시,12시-14시,62,0,86,26,47,13
경기,포천시,14시-16시,69,4,148,41,92,15
경기,포천시,16시-18시,78,4,118,42,62,14
경기,포천시,18시-20시,67,0,115,32,66,17
경기,포천시,20시-22시,59,3,85,24,53,8
경기,포천시,22시-24시,62,1,100,35,52,13
경기,가평군,00시-02시,11,0,19,7,11,1
경기,가평군,02시-04시,26,1,65,17,40,8
경기,가평군,04시-06시,27,2,46,12,33,1
경기,가평군,06시-08시,31,2,57,13,40,4
경기,가평군,08시-10시,35,1,75,22,43,10
경기,가평군,10시-12시,20,2,27,5,19,3
경기,가평군,12시-14시,31,2,60,16,36,8
경기,가평군,14시-16시,18,0,37,15,21,1
경기,가평군,16시-18시,42,2,80,13,55,12
경기,가평군,18시-20시,25,1,58,11,40,7
경기,가평군,20시-22시,25,1,52,10,41,1
경기,가평군,22시-24시,19,1,33,13,19,1
경기,양평군,00시-02시,10,1,18,9,9,0
경기,양평군,02시-04시,43,3,63,16,39,8
경기,양평군,04시-06시,35,2,48,10,33,5
경기,양평군,06시-08시,34,1,56,14,41,1
경기,양평군,08시-10시,29,1,53,13,36,4
경기,양평군,10시-12시,26,0,39,12,23,4
경기,양평군,12시-14시,53,3,87,22,45,20
경기,양평군,14시-16시,37,2,57,20,29,8
경기,양평군,16시-18시,28,1,47,14,27,6
경기,양평군,18시-20시,30,3,49,18,28,3
경기,양평군,20시-22시,33,0,52,11,39,2
경기,양평군,22시-24시,37,2,68,20,42,6
경기,이천시,00시-02시,27,0,40,9,30,1
경기,이천시,02시-04시,55,4,92,16,76,0
경기,이천시,04시-06시,50,0,98,22,74,2
경기,이천시,06시-08시,66,1,101,21,79,1
경기,이천시,08시-10시,58,2,102,21,78,3
경기,이천시,10시-12시,54,1,85,17,63,5
경기,이천시,12시-14시,54,1,93,21,70,2
경기,이천시,14시-16시,58,1,88,14,68,6
경기,이천시,16시-18시,65,4,95,24,70,1
경기,이천시,18시-20시,57,3,79,21,53,5
경기,이천시,20시-22시,56,2,81,15,64,2
경기,이천시,22시-24시,71,4,96,24,69,3
경기,용인시,00시-02시,87,3,148,32,103,13
경기,용인시,02시-04시,203,4,334,89,211,34
경기,용인시,04시-06시,211,4,333,85,202,46
경기,용인시,06시-08시,194,3,305,79,204,22
경기,용인시,08시-10시,227,7,387,86,270,31
경기,용인시,10시-12시,198,5,311,97,174,40
경기,용인시,12시-14시,227,1,357,97,216,44
경기,용인시,14시-16시,209,3,351,94,221,36
경기,용인시,16시-18시,220,1,347,101,200,46
경기,용인시,18시-20시,215,7,415,92,270,53
경기,용인시,20시-22시,199,2,317,76,213,28
경기,용인시,22시-24시,219,2,384,88,234,62
경기,안성시,00시-02시,29,0,60,12,37,11
경기,안성시,02시-04시,55,1,86,27,47,12
경기,안성시,04시-06시,73,2,142,37,97,8
경기,안성시,06시-08시,72,3,131,43,80,8
경기,안성시,08시-10시,64,0,138,41,81,16
경기,안성시,10시-12시,77,2,131,37,86,8
경기,안성시,12시-14시,76,3,132,31,88,13
경기,안성시,14시-16시,63,0,122,37,78,7
경기,안성시,16시-18시,69,3,131,38,80,13
경기,안성시,18시-20시,81,2,159,54,94,11
경기,안성시,20시-22시,59,5,87,32,48,7
경기,안성시,22시-24시,74,3,123,25,89,9
경기,김포시,00시-02시,49,0,83,16,65,2
경기,김포시,02시-04시,117,2,192,48,128,16
경기,김포시,04시-06시,106,0,168,45,113,10
경기,김포시,06시-08시,107,1,155,36,106,13
경기,김포시,08시-10시,101,3,161,36,107,18
경기,김포시,10시-12시,106,2,179,51,115,13
경기,김포시,12시-14시,122,5,193,55,128,10
경기,김포시,14시-16시,103,1,181,61,109,11
경기,김포시,16시-18시,127,2,206,62,112,32
경기,김포시,18시-20시,95,4,161,37,108,16
경기,김포시,20시-22시,100,2,178,54,113,11
경기,김포시,22시-24시,116,2,160,45,104,11
경기,동두천시,00시-02시,12,0,21,7,14,0
경기,동두천시,02시-04시,33,1,39,4,31,4
경기,동두천시,04시-06시,22,0,38,10,28,0
경기,동두천시,06시-08시,38,1,67,14,45,8
경기,동두천시,08시-10시,35,1,56,10,39,7
경기,동두천시,10시-12시,32,0,47,7,39,1
경기,동두천시,12시-14시,41,2,60,14,42,4
경기,동두천시,14시-16시,27,2,35,8,26,1
경기,동두천시,16시-18시,41,1,57,7,39,11
경기,동두천시,18시-20시,35,1,49,15,32,2
경기,동두천시,20시-22시,32,0,72,8,42,22
경기,동두천시,22시-24시,33,1,46,6,34,6
경기,과천시,00시-02시,9,0,14,3,10,1
경기,과천시,02시-04시,19,0,27,7,18,2
경기,과천시,04시-06시,13,0,16,8,7,1
경기,과천시,06시-08시,13,0,29,6,23,0
경기,과천시,08시-10시,14,0,19,5,10,4
경기,과천시,10시-12시,7,0,8,1,6,1
경기,과천시,12시-14시,15,0,37,8,21,8
경기,과천시,14시-16시,23,0,42,6,34,2
경기,과천시,16시-18시,24,0,48,13,33,2
경기,과천시,18시-20시,15,0,16,4,11,1
경기,과천시,20시-22시,20,0,35,7,24,4
경기,과천시,22시-24시,8,0,11,2,8,1
경기,군포시,00시-02시,30,0,64,15,43,6
경기,군포시,02시-04시,60,0,109,33,71,5
경기,군포시,04시-06시,54,0,87,28,49,10
경기,군포시,06시-08시,64,1,109,19,79,11
경기,군포시,08시-10시,49,0,70,19,49,2
경기,군포시,10시-12시,49,2,93,20,56,17
경기,군포시,12시-14시,59,2,92,20,66,6
경기,군포시,14시-16시,57,1,69,20,44,5
경기,군포시,16시-18시,64,0,93,31,60,2
경기,군포시,18시-20시,48,0,67,18,47,2
경기,군포시,20시-22시,44,0,64,21,39,4
경기,군포시,22시-24시,56,1,77,13,52,12
경기,남양주시,00시-02시,50,0,88,21,65,2
경기,남양주시,02시-04시,149,3,224,54,160,10
경기,남양주시,04시-06시,137,2,232,59,159,14
경기,남양주시,06시-08시,137,4,206,65,132,9
경기,남양주시,08시-10시,155,3,222,58,153,11
경기,남양주시,10시-12시,139,2,224,61,153,10
경기,남양주시,12시-14시,139,3,203,54,145,4
경기,남양주시,14시-16시,125,0,197,64,122,11
경기,남양주시,16시-18시,182,2,278,48,206,24
경기,남양주시,18시-20시,133,3,193,47,133,13
경기,남양주시,20시-22시,105,4,152,46,101,5
경기,남양주시,22시-24시,158,2,253,62,179,12
경기,오산시,00시-02시,25,0,43,16,24,3
경기,오산시,02시-04시,49,0,88,33,50,5
경기,오산시,04시-06시,44,0,63,18,41,4
경기,오산시,06시-08시,62,0,88,28,53,7
경기,오산시,08시-10시,52,1,88,36,43,9
경기,오산시,10시-12시,53,0,68,25,40,3
경기,오산시,12시-14시,60,0,97,39,52,6
경기,오산시,14시-16시,52,0,75,32,40,3
경기,오산시,16시-18시,58,0,88,24,56,8
경기,오산시,18시-20시,56,0,75,26,43,6
경기,오산시,20시-22시,63,0,98,36,55,7
경기,오산시,22시-24시,59,2,84,33,41,10
경기,의왕시,00시-02시,15,0,27,4,23,0
경기,의왕시,02시-04시,37,0,50,7,43,0
경기,의왕시,04시-06시,40,1,59,17,39,3
경기,의왕시,06시-08시,48,1,91,21,68,2
경기,의왕시,08시-10시,46,0,84,26,55,3
경기,의왕시,10시-12시,54,1,70,17,51,2
경기,의왕시,12시-14시,44,0,75,16,57,2
경기,의왕시,14시-16시,35,0,52,13,35,4
경기,의왕시,16시-18시,40,0,70,18,47,5
경기,의왕시,18시-20시,43,0,71,24,46,1
경기,의왕시,20시-22시,31,0,47,11,36,0
경기,의왕시,22시-24시,39,1,45,13,30,2
경기,하남시,00시-02시,22,0,31,8,21,2
경기,하남시,02시-04시,45,0,64,12,41,11
경기,하남시,04시-06시,51,4,66,17,36,13
경기,하남시,06시-08시,60,2,79,25,48,6
경기,하남시,08시-10시,70,1,113,27,67,19
경기,하남시,10시-12시,56,1,82,18,55,9
경기,하남시,12시-14시,59,1,96,34,50,12
경기,하남시,14시-16시,53,1,69,13,48,8
경기,하남시,16시-18시,60,2,92,30,55,7
경기,하남시,18시-20시,52,0,81,21,50,10
경기,하남시,20시-22시,45,2,81,20,58,3
경기,하남시,22시-24시,54,3,75,10,59,6
강원,춘천시,00시-02시,50,1,82,17,56,9
강원,춘천시,02시-04시,122,2,176,30,139,7
강원,춘천시,04시-06시,113,0,189,31,150,8
강원,춘천시,06시-08시,113,4,181,34,134,13
강원,춘천시,08시-10시,115,2,165,30,123,12
강원,춘천시,10시-12시,125,3,193,39,142,12
강원,춘천시,12시-14시,123,0,186,38,145,3
강원,춘천시,14시-16시,128,3,221,43,168,10
강원,춘천시,16시-18시,120,1,212,32,161,19
강원,춘천시,18시-20시,128,2,193,48,131,14
강원,춘천시,20시-22시,111,3,194,33,141,20
강원,춘천시,22시-24시,115,1,189,27,153,9
강원,원주시,00시-02시,72,2,112,22,88,2
강원,원주시,02시-04시,163,1,284,68,211,5
강원,원주시,04시-06시,144,1,235,43,188,4
강원,원주시,06시-08시,142,2,230,43,182,5
강원,원주시,08시-10시,154,2,248,45,195,8
강원,원주시,10시-12시,170,0,306,56,241,9
강원,원주시,12시-14시,162,3,293,53,229,11
강원,원주시,14시-16시,145,0,232,46,174,12
강원,원주시,16시-18시,161,2,273,65,199,9
강원,원주시,18시-20시,151,0,242,44,187,11
강원,원주시,20시-22시,151,3,265,55,202,8
강원,원주시,22시-24시,175,7,310,77,222,11
강원,동해시,00시-02시,14,0,26,3,22,1
강원,동해시,02시-04시,37,1,61,9,51,1
강원,동해시,04시-06시,44,1,59,19,40,0
강원,동해시,06시-08시,36,1,50,13,37,0
강원,동해시,08시-10시,41,2,62,20,40,2
강원,동해시,10시-12시,40,0,68,9,59,0
강원,동해시,12시-14시,44,0,68,12,54,2
강원,동해시,14시-16시,42,1,79,26,53,0
강원,동해시,16시-18시,41,0,74,14,60,0
강원,동해시,18시-20시,38,0,67,11,52,4
강원,동해시,20시-22시,30,2,39,6,31,2
강원,동해시,22시-24시,34,2,45,8,34,3
강원,강릉시,00시-02시,28,0,38,7,31,0
강원,강릉시,02시-04시,77,5,120,22,97,1
강원,강릉시,04시-06시,73,1,114,21,87,6
강원,강릉시,06시-08시,70,4,97,16,77,4
강원,강릉시,08시-10시,60,0,91,20,69,2
강원,강릉시,10시-12시,79,0,123,25,90,8
강원,강릉시,12시-14시,76,0,118,22,95,1
강원,강릉시,14시-16시,82,2,113,29,83,1
강원,강릉시,16시-18시,76,0,107,23,83,1
강원,강릉시,18시-20시,68,2,109,22,87,0
강원,강릉시,20시-22시,73,2,120,27,90,3
강원,강릉시,22시-24시,67,1,100,19,79,2
강원,속초시,00시-02시,18,0,46,10,33,3
강원,속초시,02시-04시,37,0,67,11,54,2
강원,속초시,04시-06시,33,1,49,11,38,0
강원,속초시,06시-08시,39,0,60,9,49,2
강원,속초시,08시-10시,30,1,50,8,42,0
강원,속초시,10시-12시,25,0,36,10,24,2
강원,속초시,12시-14시,35,0,66,10,51,5
강원,속초시,14시-16시,28,0,50,13,37,0
강원,속초시,16시-18시,34,1,67,16,33,18
강원,속초시,18시-20시,39,0,73,10,62,1
강원,속초시,20시-22시,33,1,51,10,40,1
강원,속초시,22시-24시,27,0,46,12,34,0
강원,태백시,00시-02시,8,0,21,1,15,5
강원,태백시,02시-04시,22,0,26,6,15,5
강원,태백시,04시-06시,17,2,23,3,16,4
강원,태백시,06시-08시,14,0,25,3,12,10
강원,태백시,08시-10시,8,0,11,4,7,0
강원,태백시,10시-12시,18,3,24,5,14,5
강원,태백시,12시-14시,12,0,20,5,10,5
강원,태백시,14시-16시,17,0,28,6,14,8
강원,태백시,16시-18시,18,0,33,9,20,4
강원,태백시,18시-20시,18,0,27,4,20,3
강원,태백시,20시-22시,18,0,32,2,20,10
강원,태백시,22시-24시,16,2,44,13,22,9
강원,삼척시,00시-02시,11,1,16,6,9,1
강원,삼척시,02시-04시,29,0,47,17,30,0
강원,삼척시,04시-06시,37,1,74,12,61,1
강원,삼척시,06시-08시,26,0,42,7,33,2
강원,삼척시,08시-10시,25,0,48,10,38,0
강원,삼척시,10시-12시,26,1,52,11,41,0
강원,삼척시,12시-14시,25,1,44,10,34,0
강원,삼척시,14시-16시,23,0,48,16,31,1
강원,삼척시,16시-18시,32,1,46,14,32,0
강원,삼척시,18시-20시,14,0,31,4,27,0
강원,삼척시,20시-22시,29,1,44,13,29,2
강원,삼척시,22시-24시,34,0,56,20,36,0
강원,홍천군,00시-02시,18,1,28,7,18,3
강원,홍천군,02시-04시,21,2,32,12,20,0
강원,홍천군,04시-06시,27,2,36,11,25,0
강원,홍천군,06시-08시,17,0,27,13,13,1
강원,홍천군,08시-10시,21,0,30,11,19,0
강원,홍천군,10시-12시,18,0,33,7,26,0
강원,홍천군,12시-14시,18,0,35,13,21,1
강원,홍천군,14시-16시,24,2,35,7,27,1
강원,홍천군,16시-18시,25,3,36,18,18,0
강원,홍천군,18시-20시,15,0,26,9,17,0
강원,홍천군,20시-22시,23,1,32,10,21,1
강원,홍천군,22시-24시,21,1,28,9,19,0
강원,횡성군,00시-02시,14,2,35,13,22,0
강원,횡성군,02시-04시,17,0,32,10,21,1
강원,횡성군,04시-06시,14,1,43,9,34,0
강원,횡성군,06시-08시,16,1,28,8,20,0
강원,횡성군,08시-10시,19,1,28,10,18,0
강원,횡성군,10시-12시,20,1,40,11,28,1
강원,횡성군,12시-14시,16,1,32,12,19,1
강원,횡성군,14시-16시,13,0,20,10,10,0
강원,횡성군,16시-18시,17,0,61,22,37,2
강원,횡성군,18시-20시,16,1,45,22,22,1
강원,횡성군,20시-22시,19,1,32,10,22,0
강원,횡성군,22시-24시,11,0,22,5,17,0
강원,영월군,00시-02시,7,0,19,1,9,9
강원,영월군,02시-04시,5,0,10,3,4,3
강원,영월군,04시-06시,7,0,8,3,3,2
강원,영월군,06시-08시,5,1,9,2,5,2
강원,영월군,08시-10시,15,0,28,14,10,4
강원,영월군,10시-12시,8,1,31,13,18,0
강원,영월군,12시-14시,13,1,19,6,13,0
강원,영월군,14시-16시,12,1,30,20,4,6
강원,영월군,16시-18시,12,1,23,10,7,6
강원,영월군,18시-20시,16,0,20,11,6,3
강원,영월군,20시-22시,7,1,11,4,5,2
강원,영월군,22시-24시,8,2,9,3,2,4
강원,평창군,00시-02시,5,0,9,0,9,0
강원,평창군,02시-04시,13,0,26,6,19,1
강원,평창군,04시-06시,14,2,38,12,18,8
강원,평창군,06시-08시,16,1,33,6,27,0
강원,평창군,08시-10시,15,1,28,10,13,5
강원,평창군,10시-12시,15,1,22,7,15,0
강원,평창군,12시-14시,19,2,35,8,25,2
강원,평창군,14시-16시,25,4,45,12,30,3
강원,평창군,16시-18시,14,0,29,9,18,2
강원,평창군,18시-20시,14,0,31,10,19,2
강원,평창군,20시-22시,11,1,17,10,7,0
강원,평창군,22시-24시,12,0,25,9,16,0
강원,정선군,00시-02시,3,0,4,2,2,0
강원,정선군,02시-04시,14,1,16,4,11,1
강원,정선군,04시-06시,9,3,18,4,11,3
강원,정선군,06시-08시,11,0,18,9,9,0
강원,정선군,08시-10시,10,0,16,4,12,0
강원,정선군,10시-12시,12,0,22,7,12,3
강원,정선군,12시-14시,11,0,13,2,11,0
강원,정선군,14시-16시,10,0,20,5,15,0
강원,정선군,16시-18시,14,1,23,8,13,2
강원,정선군,18시-20시,12,1,19,7,12,0
강원,정선군,20시-22시,9,1,18,3,13,2
강원,정선군,22시-24시,10,0,13,9,3,1
강원,철원군,00시-02시,13,0,17,3,13,1
강원,철원군,02시-04시,7,0,8,5,3,0
강원,철원군,04시-06시,12,0,18,5,12,1
강원,철원군,06시-08시,13,0,17,3,13,1
강원,철원군,08시-10시,10,1,11,3,8,0
강원,철원군,10시-12시,6,0,10,5,4,1
강원,철원군,12시-14시,14,0,25,7,18,0
강원,철원군,14시-16시,11,1,19,4,15,0
강원,철원군,16시-18시,14,0,15,8,6,1
강원,철원군,18시-20시,16,2,21,8,13,0
강원,철원군,20시-22시,12,1,16,8,8,0
강원,철원군,22시-24시,13,0,35,9,26,0
강원,화천군,00시-02시,4,0,5,2,3,0
강원,화천군,02시-04시,6,0,15,0,15,0
강원,화천군,04시-06시,4,1,3,2,0,1
강원,화천군,06시-08시,2,0,3,0,3,0
강원,화천군,08시-10시,4,0,5,3,2,0
강원,화천군,10시-12시,8,0,17,2,13,2
강원,화천군,12시-14시,2,0,4,1,1,2
강원,화천군,14시-16시,2,0,5,1,4,0
강원,화천군,16시-18시,4,0,8,1,7,0
강원,화천군,18시-20시,6,0,14,1,12,1
강원,화천군,20시-22시,5,0,5,0,5,0
강원,화천군,22시-24시,5,1,8,1,7,0
강원,양구군,00시-02시,3,0,5,2,2,1
강원,양구군,02시-04시,5,1,4,1,2,1
강원,양구군,04시-06시,8,1,13,2,7,4
강원,양구군,06시-08시,6,1,13,6,6,1
강원,양구군,08시-10시,7,0,8,4,1,3
강원,양구군,10시-12시,5,0,8,3,4,1
강원,양구군,12시-14시,3,0,4,2,1,1
강원,양구군,14시-16시,2,0,6,2,4,0
강원,양구군,16시-18시,3,0,3,1,2,0
강원,양구군,18시-20시,3,0,5,0,2,3
강원,양구군,20시-22시,8,1,11,7,4,0
강원,양구군,22시-24시,4,0,13,7,4,2
강원,인제군,00시-02시,5,0,13,4,9,0
강원,인제군,02시-04시,9,1,21,5,15,1
강원,인제군,04시-06시,11,1,22,14,7,1
강원,인제군,06시-08시,11,0,18,10,8,0
강원,인제군,08시-10시,7,0,23,6,12,5
강원,인제군,10시-12시,8,0,14,3,11,0
강원,인제군,12시-14시,13,0,31,9,20,2
강원,인제군,14시-16시,7,1,9,5,4,0
강원,인제군,16시-18시,10,2,17,10,7,0
강원,인제군,18시-20시,9,6,20,8,11,1
강원,인제군,20시-22시,5,0,8,5,2,1
강원,인제군,22시-24시,4,1,20,7,13,0
강원,고성군,00시-02시,8,0,37,5,31,1
강원,고성군,02시-04시,9,0,12,5,7,0
강원,고성군,04시-06시,12,0,18,4,14,0
강원,고성군,06시-08시,9,0,19,5,14,0
강원,고성군,08시-10시,10,0,17,4,13,0
강원,고성군,10시-12시,14,1,17,5,12,0
강원,고성군,12시-14시,4,0,9,3,6,0
강원,고성군,14시-16시,13,0,24,8,16,0
강원,고성군,16시-18시,9,1,13,3,10,0
강원,고성군,18시-20시,11,0,28,7,21,0
강원,고성군,20시-22시,11,1,20,5,12,3
강원,고성군,22시-24시,9,0,17,8,9,0
강원,양양군,00시-02시,9,0,20,5,15,0
강원,양양군,02시-04시,11,0,19,5,12,2
강원,양양군,04시-06시,16,0,22,11,10,1
강원,양양군,06시-08시,11,2,26,8,16,2
강원,양양군,08시-10시,18,1,30,7,23,0
강원,양양군,10시-12시,7,0,22,6,16,0
강원,양양군,12시-14시,11,0,18,6,12,0
강원,양양군,14시-16시,15,0,32,6,26,0
강원,양양군,16시-18시,12,0,22,4,16,2
강원,양양군,18시-20시,14,0,28,13,15,0
강원,양양군,20시-22시,7,0,12,4,8,0
강원,양양군,22시-24시,11,5,8,5,3,0
충북,청주시,00시-02시,147,2,253,61,189,3
충북,청주시,02시-04시,338,4,504,147,345,12
충북,청주시,04시-06시,363,4,578,121,438,19
충북,청주시,06시-08시,314,3,491,114,368,9
충북,청주시,08시-10시,333,8,477,119,341,17
충북,청주시,10시-12시,335,2,539,131,400,8
충북,청주시,12시-14시,328,4,493,130,351,12
충북,청주시,14시-16시,316,8,520,119,397,4
충북,청주시,16시-18시,332,8,564,138,419,7
충북,청주시,18시-20시,331,7,546,113,420,13
충북,청주시,20시-22시,318,8,524,143,378,3
충북,청주시,22시-24시,315,5,467,117,344,6
충북,충주시,00시-02시,50,8,85,27,50,8
충북,충주시,02시-04시,107,3,181,53,108,20
충북,충주시,04시-06시,79,4,121,37,72,12
충북,충주시,06시-08시,95,6,159,31,114,14
충북,충주시,08시-10시,83,1,131,52,64,15
충북,충주시,10시-12시,82,1,127,36,73,18
충북,충주시,12시-14시,91,1,148,42,86,20
충북,충주시,14시-16시,95,2,171,38,115,18
충북,충주시,16시-18시,93,2,139,40,90,9
충북,충주시,18시-20시,87,1,125,37,75,13
충북,충주시,20시-22시,75,2,127,38,77,12
충북,충주시,22시-24시,80,2,118,32,71,15
충북,제천시,00시-02시,21,0,39,19,17,3
충북,제천시,02시-04시,53,2,85,17,66,2
충북,제천시,04시-06시,43,2,75,19,52,4
충북,제천시,06시-08시,54,0,90,36,54,0
충북,제천시,08시-10시,54,1,81,24,52,5
충북,제천시,10시-12시,63,0,108,27,80,1
충북,제천시,12시-14시,71,1,119,37,80,2
충북,제천시,14시-16시,58,1,85,31,53,1
충북,제천시,16시-18시,60,0,109,40,66,3
충북,제천시,18시-20시,61,0,99,24,70,5
충북,제천시,20시-22시,68,0,111,36,74,1
충북,제천시,22시-24시,61,1,103,31,71,1
충북,보은군,00시-02시,2,0,3,0,3,0
충북,보은군,02시-04시,7,1,15,7,8,0
충북,보은군,04시-06시,7,0,13,5,8,0
충북,보은군,06시-08시,10,0,27,11,16,0
충북,보은군,08시-10시,12,1,16,5,7,4
충북,보은군,10시-12시,11,1,12,6,5,1
충북,보은군,12시-14시,10,2,13,4,9,0
충북,보은군,14시-16시,13,0,24,6,18,0
충북,보은군,16시-18시,13,3,17,9,8,0
충북,보은군,18시-20시,8,0,17,7,9,1
충북,보은군,20시-22시,9,2,17,9,8,0
충북,보은군,22시-24시,6,1,7,1,5,1
충북,옥천군,00시-02시,6,0,8,3,5,0
충북,옥천군,02시-04시,17,0,27,7,20,0
충북,옥천군,04시-06시,20,1,29,10,14,5
충북,옥천군,06시-08시,15,3,23,5,18,0
충북,옥천군,08시-10시,12,1,20,7,13,0
충북,옥천군,10시-12시,16,1,33,6,27,0
충북,옥천군,12시-14시,21,2,32,16,13,3
충북,옥천군,14시-16시,18,1,65,33,29,3
충북,옥천군,16시-18시,21,2,34,15,16,3
충북,옥천군,18시-20시,17,0,30,6,21,3
충북,옥천군,20시-22시,14,0,25,9,16,0
충북,옥천군,22시-24시,21,1,30,13,16,1
충북,영동군,00시-02시,2,0,2,0,1,1
충북,영동군,02시-04시,15,1,26,13,13,0
충북,영동군,04시-06시,19,1,25,13,12,0
충북,영동군,06시-08시,13,1,18,9,9,0
충북,영동군,08시-10시,4,0,7,4,2,1
충북,영동군,10시-12시,14,0,24,11,12,1
충북,영동군,12시-14시,10,0,31,11,19,1
충북,영동군,14시-16시,16,1,27,8,19,0
충북,영동군,16시-18시,13,0,22,6,14,2
충북,영동군,18시-20시,11,0,14,8,6,0
충북,영동군,20시-22시,7,1,8,4,4,0
충북,영동군,22시-24시,14,0,21,15,6,0
충북,진천군,00시-02시,11,0,17,4,13,0
충북,진천군,02시-04시,21,1,33,12,21,0
충북,진천군,04시-06시,28,0,32,12,20,0
충북,진천군,06시-08시,26,2,42,10,32,0
충북,진천군,08시-10시,28,0,53,14,37,2
충북,진천군,10시-12시,36,0,63,24,39,0
충북,진천군,12시-14시,24,1,32,8,24,0
충북,진천군,14시-16시,26,0,54,12,41,1
충북,진천군,16시-18시,28,1,37,9,28,0
충북,진천군,18시-20시,36,0,54,10,42,2
충북,진천군,20시-22시,26,0,37,9,27,1
충북,진천군,22시-24시,36,1,47,18,29,0
충북,괴산군,00시-02시,1,0,1,1,0,0
충북,괴산군,02시-04시,15,2,21,5,14,2
충북,괴산군,04시-06시,14,0,15,4,11,0
충북,괴산군,06시-08시,11,1,14,5,7,2
충북,괴산군,08시-10시,10,2,14,6,6,2
충북,괴산군,10시-12시,11,1,17,4,13,0
충북,괴산군,12시-14시,12,2,25,10,12,3
충북,괴산군,14시-16시,18,1,32,15,12,5
충북,괴산군,16시-18시,19,1,41,10,25,6
충북,괴산군,18시-20시,9,0,20,9,9,2
충북,괴산군,20시-22시,6,0,8,3,5,0
충북,괴산군,22시-24시,10,1,21,13,5,3
충북,음성군,00시-02시,10,4,18,9,7,2
충북,음성군,02시-04시,24,1,28,9,18,1
충북,음성군,04시-06시,24,2,34,10,23,1
충북,음성군,06시-08시,46,6,70,26,41,3
충북,음성군,08시-10시,31,2,58,23,30,5
충북,음성군,10시-12시,36,1,66,27,37,2
충북,음성군,12시-14시,40,3,58,21,35,2
충북,음성군,14시-16시,48,3,72,31,38,3
충북,음성군,16시-18시,49,2,73,23,49,1
충북,음성군,18시-20시,40,3,71,28,40,3
충북,음성군,20시-22시,30,0,63,18,40,5
충북,음성군,22시-24시,40,0,75,25,42,8
충북,단양군,00시-02시,8,2,12,2,10,0
충북,단양군,02시-04시,5,1,7,4,3,0
충북,단양군,04시-06시,10,0,20,4,16,0
충북,단양군,06시-08시,14,0,23,13,9,1
충북,단양군,08시-10시,9,1,18,5,12,1
충북,단양군,10시-12시,20,2,23,8,15,0
충북,단양군,12시-14시,14,1,20,10,10,0
충북,단양군,14시-16시,9,1,10,6,4,0
충북,단양군,16시-18시,11,0,18,6,12,0
충북,단양군,18시-20시,11,0,22,8,14,0
충북,단양군,20시-22시,10,0,14,3,10,1
충북,단양군,22시-24시,6,0,6,2,4,0
충북,증평군,00시-02시,8,0,9,1,6,2
충북,증평군,02시-04시,15,1,16,6,10,0
충북,증평군,04시-06시,15,1,23,6,15,2
충북,증평군,06시-08시,15,0,18,5,12,1
충북,증평군,08시-10시,22,0,37,13,22,2
충북,증평군,10시-12시,12,0,18,7,10,1
충북,증평군,12시-14시,11,1,16,5,11,0
충북,증평군,14시-16시,14,1,18,5,13,0
충북,증평군,16시-18시,10,1,10,3,5,2
충북,증평군,18시-20시,10,0,19,5,12,2
충북,증평군,20시-22시,21,0,29,10,18,1
충북,증평군,22시-24시,7,0,15,6,8,1
충남,천안시,00시-02시,79,2,122,29,86,7
충남,천안시,02시-04시,135,3,200,37,158,5
충남,천안시,04시-06시,180,4,289,75,200,14
충남,천안시,06시-08시,139,8,207,38,163,6
충남,천안시,08시-10시,151,2,240,57,168,15
충남,천안시,10시-12시,190,4,290,62,217,11
충남,천안시,12시-14시,160,1,248,64,173,11
충남,천안시,14시-16시,173,5,261,59,192,10
충남,천안시,16시-18시,164,4,216,56,155,5
충남,천안시,18시-20시,166,2,248,68,166,14
충남,천안시,20시-22시,170,4,269,65,191,13
충남,천안시,22시-24시,172,6,235,53,174,8
충남,아산시,00시-02시,40,2,62,19,43,0
충남,아산시,02시-04시,77,3,115,36,76,3
충남,아산시,04시-06시,64,1,108,35,73,0
충남,아산시,06시-08시,86,2,138,37,96,5
충남,아산시,08시-10시,80,4,116,42,68,6
충남,아산시,10시-12시,81,1,114,50,62,2
충남,아산시,12시-14시,90,2,136,34,100,2
충남,아산시,14시-16시,74,3,101,33,67,1
충남,아산시,16시-18시,66,4,119,34,82,3
충남,아산시,18시-20시,73,4,103,45,55,3
충남,아산시,20시-22시,79,4,113,29,80,4
충남,아산시,22시-24시,87,3,126,44,79,3
충남,보령시,00시-02시,17,1,26,11,15,0
충남,보령시,02시-04시,36,1,60,24,35,1
충남,보령시,04시-06시,37,1,69,25,42,2
충남,보령시,06시-08시,39,3,64,20,43,1
충남,보령시,08시-10시,35,2,50,22,28,0
충남,보령시,10시-12시,42,2,71,22,49,0
충남,보령시,12시-14시,38,2,50,19,29,2
충남,보령시,14시-16시,29,2,45,15,26,4
충남,보령시,16시-18시,29,1,46,21,23,2
충남,보령시,18시-20시,46,1,75,35,37,3
충남,보령시,20시-22시,38,3,49,19,30,0
충남,보령시,22시-24시,39,1,47,23,23,1
충남,공주시,00시-02시,17,0,40,13,21,6
충남,공주시,02시-04시,35,4,51,24,26,1
충남,공주시,04시-06시,36,0,51,17,32,2
충남,공주시,06시-08시,17,1,32,8,23,1
충남,공주시,08시-10시,32,2,50,21,27,2
충남,공주시,10시-12시,39,0,65,24,38,3
충남,공주시,12시-14시,29,2,67,31,32,4
충남,공주시,14시-16시,38,2,67,27,38,2
충남,공주시,16시-18시,31,1,46,20,23,3
충남,공주시,18시-20시,31,1,48,16,31,1
충남,공주시,20시-22시,27,0,44,21,21,2
충남,공주시,22시-24시,24,2,35,19,15,1
충남,서산시,00시-02시,19,1,29,12,16,1
충남,서산시,02시-04시,40,1,67,29,37,1
충남,서산시,04시-06시,57,6,89,35,51,3
충남,서산시,06시-08시,47,2,63,29,28,6
충남,서산시,08시-10시,42,0,68,24,41,3
충남,서산시,10시-12시,43,1,69,28,40,1
충남,서산시,12시-14시,54,2,69,31,35,3
충남,서산시,14시-16시,46,5,77,31,43,3
충남,서산시,16시-18시,37,2,56,19,30,7
충남,서산시,18시-20시,45,0,76,30,44,2
충남,서산시,20시-22시,47,3,59,35,21,3
충남,서산시,22시-24시,47,3,65,36,26,3
충남,금산군,00시-02시,7,0,10,4,6,0
충남,금산군,02시-04시,16,0,25,5,20,0
충남,금산군,04시-06시,15,1,25,5,19,1
충남,금산군,06시-08시,17,0,22,7,14,1
충남,금산군,08시-10시,19,1,23,15,8,0
충남,금산군,10시-12시,12,1,17,4,12,1
충남,금산군,12시-14시,18,1,28,8,19,1
충남,금산군,14시-16시,17,2,31,10,21,0
충남,금산군,16시-18시,19,1,28,11,17,0
충남,금산군,18시-20시,17,1,26,8,17,1
충남,금산군,20시-22시,15,1,31,12,19,0
충남,금산군,22시-24시,13,1,20,9,9,2
충남,태안군,00시-02시,7,0,11,7,4,0
충남,태안군,02시-04시,19,1,35,14,20,1
충남,태안군,04시-06시,27,3,34,19,14,1
충남,태안군,06시-08시,18,3,21,8,11,2
충남,태안군,08시-10시,24,2,38,16,22,0
충남,태안군,10시-12시,15,0,28,11,17,0
충남,태안군,12시-14시,24,2,39,25,13,1
충남,태안군,14시-16시,16,2,30,11,19,0
충남,태안군,16시-18시,26,1,41,22,19,0
충남,태안군,18시-20시,20,2,28,14,13,1
충남,태안군,20시-22시,19,1,26,12,14,0
충남,태안군,22시-24시,27,1,49,19,30,0
충남,논산시,00시-02시,17,0,29,11,18,0
충남,논산시,02시-04시,42,2,54,25,29,0
충남,논산시,04시-06시,49,5,98,38,60,0
충남,논산시,06시-08시,39,2,69,30,39,0
충남,논산시,08시-10시,36,3,47,21,26,0
충남,논산시,10시-12시,34,1,50,27,22,1
충남,논산시,12시-14시,30,3,40,12,28,0
충남,논산시,14시-16시,39,0,66,22,43,1
충남,논산시,16시-18시,39,2,58,30,28,0
충남,논산시,18시-20시,32,4,37,19,18,0
충남,논산시,20시-22시,40,0,66,28,38,0
충남,논산시,22시-24시,43,4,53,22,31,0
충남,부여군,00시-02시,6,0,9,5,3,1
충남,부여군,02시-04시,22,2,39,17,21,1
충남,부여군,04시-06시,25,2,31,16,15,0
충남,부여군,06시-08시,22,4,25,18,7,0
충남,부여군,08시-10시,20,0,37,18,19,0
충남,부여군,10시-12시,15,1,24,10,13,1
충남,부여군,12시-14시,20,0,23,13,10,0
충남,부여군,14시-16시,25,0,39,24,15,0
충남,부여군,16시-18시,22,1,31,11,20,0
충남,부여군,18시-20시,23,1,28,22,6,0
충남,부여군,20시-22시,30,2,52,16,36,0
충남,부여군,22시-24시,27,4,37,20,17,0
충남,서천군,00시-02시,9,1,11,6,5,0
충남,서천군,02시-04시,24,3,39,15,24,0
충남,서천군,04시-06시,28,0,55,17,35,3
충남,서천군,06시-08시,30,2,47,25,22,0
충남,서천군,08시-10시,26,2,36,17,18,1
충남,서천군,10시-12시,21,1,41,16,23,2
충남,서천군,12시-14시,21,0,31,10,16,5
충남,서천군,14시-16시,15,0,18,6,12,0
충남,서천군,16시-18시,28,1,46,21,24,1
충남,서천군,18시-20시,22,0,44,14,29,1
충남,서천군,20시-22시,25,2,36,11,24,1
충남,서천군,22시-24시,26,4,35,15,19,1
충남,청양군,00시-02시,5,2,7,6,1,0
충남,청양군,02시-04시,13,1,17,8,8,1
충남,청양군,04시-06시,17,0,32,7,24,1
충남,청양군,06시-08시,15,0,23,5,16,2
충남,청양군,08시-10시,19,2,22,7,14,1
충남,청양군,10시-12시,11,0,22,5,9,8
충남,청양군,12시-14시,20,0,33,12,19,2
충남,청양군,14시-16시,17,1,20,9,10,1
충남,청양군,16시-18시,14,0,21,7,13,1
충남,청양군,18시-20시,11,1,16,6,10,0
충남,청양군,20시-22시,12,0,18,9,9,0
충남,청양군,22시-24시,14,0,18,5,12,1
충남,홍성군,00시-02시,14,1,22,8,14,0
충남,홍성군,02시-04시,28,1,36,14,22,0
충남,홍성군,04시-06시,32,2,47,14,32,1
충남,홍성군,06시-08시,44,2,72,22,49,1
충남,홍성군,08시-10시,27,2,39,9,30,0
충남,홍성군,10시-12시,31,1,53,13,38,2
충남,홍성군,12시-14시,24,1,30,7,22,1
충남,홍성군,14시-16시,33,1,54,17,36,1
충남,홍성군,16시-18시,32,0,45,19,26,0
충남,홍성군,18시-20시,34,3,62,15,46,1
충남,홍성군,20시-22시,39,2,49,9,40,0
충남,홍성군,22시-24시,32,0,55,16,39,0
충남,예산군,00시-02시,14,0,25,10,15,0
충남,예산군,02시-04시,34,2,43,17,24,2
충남,예산군,04시-06시,32,3,49,16,32,1
충남,예산군,06시-08시,25,0,34,11,23,0
충남,예산군,08시-10시,40,1,85,43,42,0
충남,예산군,10시-12시,37,4,57,22,32,3
충남,예산군,12시-14시,35,1,73,34,36,3
충남,예산군,14시-16시,31,3,48,19,29,0
충남,예산군,16시-18시,29,2,42,11,30,1
충남,예산군,18시-20시,22,1,55,19,35,1
충남,예산군,20시-22시,29,1,52,18,33,1
충남,예산군,22시-24시,25,1,36,14,20,2
충남,당진시,00시-02시,30,1,39,6,31,2
충남,당진시,02시-04시,66,3,111,36,70,5
충남,당진시,04시-06시,54,2,78,25,52,1
충남,당진시,06시-08시,49,1,71,19,48,4
충남,당진시,08시-10시,59,2,81,10,69,2
충남,당진시,10시-12시,72,4,114,22,86,6
충남,당진시,12시-14시,53,1,76,15,59,2
충남,당진시,14시-16시,46,0,61,13,48,0
충남,당진시,16시-18시,63,3,90,15,74,1
충남,당진시,18시-20시,58,3,116,43,70,3
충남,당진시,20시-22시,61,3,78,19,56,3
충남,당진시,22시-24시,67,1,95,20,75,0
충남,계룡시,00시-02시,3,0,5,2,3,0
충남,계룡시,02시-04시,6,0,9,0,9,0
충남,계룡시,04시-06시,6,0,11,2,9,0
충남,계룡시,06시-08시,7,0,11,5,6,0
충남,계룡시,08시-10시,3,0,5,2,2,1
충남,계룡시,10시-12시,3,0,3,2,1,0
충남,계룡시,12시-14시,6,0,9,4,5,0
충남,계룡시,14시-16시,5,0,8,4,4,0
충남,계룡시,16시-18시,3,0,6,0,6,0
충남,계룡시,18시-20시,9,1,12,5,7,0
충남,계룡시,20시-22시,4,0,5,2,3,0
충남,계룡시,22시-24시,5,1,4,1,3,0
전북,전주시,00시-02시,86,2,139,31,108,0
전북,전주시,02시-04시,177,2,277,68,207,2
전북,전주시,04시-06시,181,8,280,57,221,2
전북,전주시,06시-08시,174,4,312,62,245,5
전북,전주시,08시-10시,145,4,220,44,176,0
전북,전주시,10시-12시,175,4,279,65,213,1
전북,전주시,12시-14시,154,1,238,52,186,0
전북,전주시,14시-16시,175,4,284,61,219,4
전북,전주시,16시-18시,185,5,319,47,272,0
전북,전주시,18시-20시,151,2,217,38,178,1
전북,전주시,20시-22시,170,6,294,60,233,1
전북,전주시,22시-24시,173,2,256,65,191,0
전북,군산시,00시-02시,53,1,86,11,72,3
전북,군산시,02시-04시,123,2,183,40,133,10
전북,군산시,04시-06시,121,2,181,38,135,8
전북,군산시,06시-08시,119,3,168,29,127,12
전북,군산시,08시-10시,112,2,188,31,145,12
전북,군산시,10시-12시,122,1,199,31,160,8
전북,군산시,12시-14시,115,3,190,33,147,10
전북,군산시,14시-16시,136,4,195,47,143,5
전북,군산시,16시-18시,126,3,186,34,141,11
전북,군산시,18시-20시,123,5,205,37,160,8
전북,군산시,20시-22시,104,1,179,41,136,2
전북,군산시,22시-24시,133,2,188,32,145,11
전북,정읍시,00시-02시,13,0,17,5,10,2
전북,정읍시,02시-04시,34,1,56,21,34,1
전북,정읍시,04시-06시,46,3,88,17,70,1
전북,정읍시,06시-08시,32,0,44,14,29,1
전북,정읍시,08시-10시,39,2,51,10,40,1
전북,정읍시,10시-12시,37,3,55,10,45,0
전북,정읍시,12시-14시,36,2,48,17,31,0
전북,정읍시,14시-16시,36,0,62,14,46,2
전북,정읍시,16시-18시,42,2,54,16,37,1
전북,정읍시,18시-20시,37,1,59,15,44,0
전북,정읍시,20시-22시,30,4,46,9,36,1
전북,정읍시,22시-24시,39,1,47,20,25,2
전북,남원시,00시-02시,10,0,17,4,13,0
전북,남원시,02시-04시,32,2,50,16,34,0
전북,남원시,04시-06시,23,2,27,10,17,0
전북,남원시,06시-08시,22,1,30,11,19,0
전북,남원시,08시-10시,19,0,29,12,17,0
전북,남원시,10시-12시,19,1,33,8,25,0
전북,남원시,12시-14시,23,1,39,13,26,0
전북,남원시,14시-16시,25,1,30,12,18,0
전북,남원시,16시-18시,33,0,52,20,32,0
전북,남원시,18시-20시,30,6,36,18,18,0
전북,남원시,20시-22시,24,1,31,15,16,0
전북,남원시,22시-24시,34,1,42,13,29,0
전북,김제시,00시-02시,21,0,50,12,38,0
전북,김제시,02시-04시,45,5,73,26,47,0
전북,김제시,04시-06시,25,1,32,10,22,0
전북,김제시,06시-08시,29,0,46,17,29,0
전북,김제시,08시-10시,33,1,55,14,41,0
전북,김제시,10시-12시,37,2,54,11,43,0
전북,김제시,12시-14시,37,3,68,16,52,0
전북,김제시,14시-16시,34,0,68,20,48,0
전북,김제시,16시-18시,29,1,43,20,22,1
전북,김제시,18시-20시,40,4,63,17,46,0
전북,김제시,20시-22시,37,2,53,21,32,0
전북,김제시,22시-24시,40,3,67,14,52,1
전북,완주군,00시-02시,11,2,23,4,19,0
전북,완주군,02시-04시,25,0,40,11,29,0
전북,완주군,04시-06시,28,3,45,8,34,3
전북,완주군,06시-08시,19,4,32,9,23,0
전북,완주군,08시-10시,40,2,79,17,62,0
전북,완주군,10시-12시,29,2,43,11,32,0
전북,완주군,12시-14시,30,4,45,16,27,2
전북,완주군,14시-16시,23,0,43,8,34,1
전북,완주군,16시-18시,29,2,50,10,40,0
전북,완주군,18시-20시,25,0,59,9,50,0
전북,완주군,20시-22시,20,0,54,15,38,1
전북,완주군,22시-24시,30,1,45,8,37,0
전북,진안군,00시-02시,3,0,6,2,4,0
전북,진안군,02시-04시,8,1,11,3,7,1
전북,진안군,04시-06시,11,2,14,5,9,0
전북,진안군,06시-08시,5,0,11,7,4,0
전북,진안군,08시-10시,7,0,10,3,7,0
전북,진안군,10시-12시,8,0,12,5,7,0
전북,진안군,12시-14시,4,0,6,1,5,0
전북,진안군,14시-16시,4,2,8,7,1,0
전북,진안군,16시-18시,6,0,10,5,5,0
전북,진안군,18시-20시,10,2,13,2,11,0
전북,진안군,20시-22시,6,0,13,3,9,1
전북,진안군,22시-24시,3,0,3,2,1,0
전북,무주군,00시-02시,2,0,3,1,2,0
전북,무주군,02시-04시,8,1,11,7,4,0
전북,무주군,04시-06시,4,0,9,4,5,0
전북,무주군,06시-08시,7,2,14,8,5,1
전북,무주군,08시-10시,6,0,14,4,10,0
전북,무주군,10시-12시,2,0,2,2,0,0
전북,무주군,12시-14시,4,1,7,5,2,0
전북,무주군,14시-16시,7,0,10,4,6,0
전북,무주군,16시-18시,2,0,3,1,2,0
전북,무주군,18시-20시,6,0,12,9,3,0
전북,무주군,20시-22시,3,0,6,0,6,0
전북,무주군,22시-24시,5,0,12,6,6,0
전북,장수군,00시-02시,3,0,3,0,3,0
전북,장수군,02시-04시,7,0,15,7,8,0
전북,장수군,04시-06시,11,0,14,5,9,0
전북,장수군,06시-08시,2,0,5,0,4,1
전북,장수군,08시-10시,5,0,17,8,9,0
전북,장수군,10시-12시,5,2,4,2,2,0
전북,장수군,12시-14시,4,0,6,0,6,0
전북,장수군,14시-16시,2,0,2,1,1,0
전북,장수군,16시-18시,1,0,1,1,0,0
전북,장수군,18시-20시,8,1,14,7,6,1
전북,장수군,20시-22시,4,0,5,4,1,0
전북,장수군,22시-24시,6,0,7,4,3,0
전북,임실군,00시-02시,3,0,7,1,6,0
전북,임실군,02시-04시,8,0,17,7,10,0
전북,임실군,04시-06시,11,2,14,8,6,0
전북,임실군,06시-08시,5,0,6,2,4,0
전북,임실군,08시-10시,14,1,20,11,9,0
전북,임실군,10시-12시,12,2,15,4,11,0
전북,임실군,12시-14시,11,1,18,5,13,0
전북,임실군,14시-16시,5,0,11,3,8,0
전북,임실군,16시-18시,9,2,14,4,10,0
전북,임실군,18시-20시,6,1,16,6,10,0
전북,임실군,20시-22시,10,1,12,2,8,2
전북,임실군,22시-24시,12,0,16,4,11,1
전북,순창군,00시-02시,6,1,7,4,3,0
전북,순창군,02시-04시,5,0,8,6,2,0
전북,순창군,04시-06시,5,0,6,1,4,1
전북,순창군,06시-08시,10,0,13,5,8,0
전북,순창군,08시-10시,12,1,20,6,14,0
전북,순창군,10시-12시,11,0,15,7,8,0
전북,순창군,12시-14시,9,2,18,7,9,2
전북,순창군,14시-16시,10,0,14,4,10,0
전북,순창군,16시-18시,9,0,14,4,10,0
전북,순창군,18시-20시,9,2,14,6,8,0
전북,순창군,20시-22시,11,0,15,4,11,0
전북,순창군,22시-24시,11,1,11,2,8,1
전북,고창군,00시-02시,7,1,12,4,8,0
전북,고창군,02시-04시,8,1,9,3,6,0
전북,고창군,04시-06시,18,5,33,17,16,0
전북,고창군,06시-08시,13,1,13,8,4,1
전북,고창군,08시-10시,18,2,23,14,9,0
전북,고창군,10시-12시,15,0,22,14,7,1
전북,고창군,12시-14시,15,1,22,14,8,0
전북,고창군,14시-16시,8,1,15,5,9,1
전북,고창군,16시-18시,12,2,16,6,8,2
전북,고창군,18시-20시,12,2,17,7,9,1
전북,고창군,20시-22시,15,1,31,12,18,1
전북,고창군,22시-24시,15,0,25,10,15,0
전북,부안군,00시-02시,17,0,33,7,25,1
전북,부안군,02시-04시,31,0,51,19,30,2
전북,부안군,04시-06시,23,0,52,11,31,10
전북,부안군,06시-08시,31,1,42,15,27,0
전북,부안군,08시-10시,25,1,48,11,37,0
전북,부안군,10시-12시,27,2,46,13,32,1
전북,부안군,12시-14시,22,2,29,13,11,5
전북,부안군,14시-16시,24,1,55,19,32,4
전북,부안군,16시-18시,20,1,29,10,19,0
전북,부안군,18시-20시,22,0,33,17,16,0
전북,부안군,20시-22시,28,6,54,21,33,0
전북,부안군,22시-24시,23,2,39,11,25,3
전북,익산시,00시-02시,35,1,49,9,37,3
전북,익산시,02시-04시,100,4,154,37,115,2
전북,익산시,04시-06시,107,1,183,27,156,0
전북,익산시,06시-08시,101,4,162,26,133,3
전북,익산시,08시-10시,104,0,153,34,118,1
전북,익산시,10시-12시,110,2,164,35,128,1
전북,익산시,12시-14시,109,2,154,34,119,1
전북,익산시,14시-16시,125,5,193,36,154,3
전북,익산시,16시-18시,112,2,162,39,121,2
전북,익산시,18시-20시,105,1,200,45,153,2
전북,익산시,20시-22시,92,1,139,20,118,1
전북,익산시,22시-24시,102,5,157,37,120,0
전남,목포시,00시-02시,55,1,99,12,86,1
전남,목포시,02시-04시,98,1,156,25,123,8
전남,목포시,04시-06시,95,3,156,17,138,1
전남,목포시,06시-08시,100,1,167,26,136,5
전남,목포시,08시-10시,108,2,169,18,146,5
전남,목포시,10시-12시,120,1,191,25,161,5
전남,목포시,12시-14시,107,4,192,34,148,10
전남,목포시,14시-16시,102,0,183,25,154,4
전남,목포시,16시-18시,110,1,165,23,139,3
전남,목포시,18시-20시,98,1,165,26,136,3
전남,목포시,20시-22시,103,1,159,28,130,1
전남,목포시,22시-24시,89,1,142,20,120,2
전남,여수시,00시-02시,35,2,55,13,42,0
전남,여수시,02시-04시,81,3,109,28,79,2
전남,여수시,04시-06시,93,3,155,28,127,0
전남,여수시,06시-08시,90,3,146,29,115,2
전남,여수시,08시-10시,80,1,127,21,105,1
전남,여수시,10시-12시,98,1,145,35,107,3
전남,여수시,12시-14시,89,3,132,26,102,4
전남,여수시,14시-16시,103,3,159,25,132,2
전남,여수시,16시-18시,98,4,149,31,114,4
전남,여수시,18시-20시,87,6,162,53,107,2
전남,여수시,20시-22시,87,7,137,19,118,0
전남,여수시,22시-24시,99,3,148,26,121,1
전남,순천시,00시-02시,53,3,91,17,72,2
전남,순천시,02시-04시,88,0,133,38,89,6
전남,순천시,04시-06시,98,4,153,30,113,10
전남,순천시,06시-08시,90,3,131,28,98,5
전남,순천시,08시-10시,97,2,142,42,98,2
전남,순천시,10시-12시,98,4,142,39,100,3
전남,순천시,12시-14시,99,4,144,32,108,4
전남,순천시,14시-16시,82,3,118,40,71,7
전남,순천시,16시-18시,110,0,184,42,135,7
전남,순천시,18시-20시,89,1,156,44,101,11
전남,순천시,20시-22시,81,0,130,32,92,6
전남,순천시,22시-24시,102,1,162,34,116,12
전남,나주시,00시-02시,15,0,39,4,32,3
전남,나주시,02시-04시,52,3,95,22,63,10
전남,나주시,04시-06시,40,1,79,15,54,10
전남,나주시,06시-08시,41,2,79,19,53,7
전남,나주시,08시-10시,39,2,57,12,39,6
전남,나주시,10시-12시,55,4,81,19,59,3
전남,나주시,12시-14시,42,0,83,12,63,8
전남,나주시,14시-16시,40,3,59,15,39,5
전남,나주시,16시-18시,40,2,73,11,59,3
전남,나주시,18시-20시,43,1,72,16,54,2
전남,나주시,20시-22시,38,2,51,9,34,8
전남,나주시,22시-24시,45,1,84,17,63,4
전남,광양시,00시-02시,25,1,35,5,27,3
전남,광양시,02시-04시,65,1,110,21,84,5
전남,광양시,04시-06시,49,1,70,14,51,5
전남,광양시,06시-08시,63,2,108,18,83,7
전남,광양시,08시-10시,67,4,119,28,85,6
전남,광양시,10시-12시,65,2,101,12,87,2
전남,광양시,12시-14시,42,5,66,14,49,3
전남,광양시,14시-16시,65,1,90,24,61,5
전남,광양시,16시-18시,53,2,72,12,56,4
전남,광양시,18시-20시,52,2,79,19,57,3
전남,광양시,20시-22시,61,1,95,28,62,5
전남,광양시,22시-24시,60,0,106,15,83,8
전남,담양군,00시-02시,13,1,26,8,18,0
전남,담양군,02시-04시,25,2,41,2,39,0
전남,담양군,04시-06시,30,1,50,7,42,1
전남,담양군,06시-08시,28,3,48,6,40,2
전남,담양군,08시-10시,31,2,48,5,43,0
전남,담양군,10시-12시,15,0,33,2,30,1
전남,담양군,12시-14시,22,2,65,4,61,0
전남,담양군,14시-16시,22,0,33,4,29,0
전남,담양군,16시-18시,30,0,56,4,52,0
전남,담양군,18시-20시,31,3,62,15,45,2
전남,담양군,20시-22시,16,0,28,5,21,2
전남,담양군,22시-24시,20,2,28,5,22,1
전남,곡성군,00시-02시,2,0,2,0,2,0
전남,곡성군,02시-04시,13,0,17,5,12,0
전남,곡성군,04시-06시,9,0,19,6,13,0
전남,곡성군,06시-08시,15,1,28,8,20,0
전남,곡성군,08시-10시,13,2,24,13,10,1
전남,곡성군,10시-12시,13,1,19,7,12,0
전남,곡성군,12시-14시,7,0,12,1,11,0
전남,곡성군,14시-16시,12,0,21,3,18,0
전남,곡성군,16시-18시,5,0,9,3,6,0
전남,곡성군,18시-20시,9,0,17,9,8,0
전남,곡성군,20시-22시,3,0,4,0,4,0
전남,곡성군,22시-24시,7,0,10,2,8,0
전남,구례군,00시-02시,4,0,4,3,1,0
전남,구례군,02시-04시,11,1,13,0,11,2
전남,구례군,04시-06시,6,0,11,2,7,2
전남,구례군,06시-08시,8,1,11,3,8,0
전남,구례군,08시-10시,10,2,18,3,14,1
전남,구례군,10시-12시,9,0,12,4,7,1
전남,구례군,12시-14시,12,0,13,6,6,1
전남,구례군,14시-16시,6,1,7,1,5,1
전남,구례군,16시-18시,6,0,10,0,9,1
전남,구례군,18시-20시,5,0,6,2,3,1
전남,구례군,20시-22시,16,1,20,8,9,3
전남,구례군,22시-24시,10,0,16,3,11,2
전남,고흥군,00시-02시,11,3,12,5,7,0
전남,고흥군,02시-04시,25,1,39,16,22,1
전남,고흥군,04시-06시,19,0,26,14,12,0
전남,고흥군,06시-08시,21,1,39,21,18,0
전남,고흥군,08시-10시,26,3,39,10,26,3
전남,고흥군,10시-12시,20,1,28,9,19,0
전남,고흥군,12시-14시,24,1,38,9,29,0
전남,고흥군,14시-16시,19,0,37,16,21,0
전남,고흥군,16시-18시,16,1,22,8,11,3
전남,고흥군,18시-20시,23,1,39,14,24,1
전남,고흥군,20시-22시,23,0,29,11,14,4
전남,고흥군,22시-24시,17,2,36,11,25,0
전남,보성군,00시-02시,6,0,6,3,2,1
전남,보성군,02시-04시,18,2,25,8,17,0
전남,보성군,04시-06시,14,0,25,9,15,1
전남,보성군,06시-08시,16,0,26,7,15,4
전남,보성군,08시-10시,16,1,38,8,29,1
전남,보성군,10시-12시,25,1,40,15,23,2
전남,보성군,12시-14시,19,1,35,10,23,2
전남,보성군,14시-16시,13,0,17,4,12,1
전남,보성군,16시-18시,17,1,32,7,24,1
전남,보성군,18시-20시,23,1,48,15,33,0
전남,보성군,20시-22시,17,0,41,7,32,2
전남,보성군,22시-24시,15,1,27,7,19,1
전남,화순군,00시-02시,10,0,18,6,8,4
전남,화순군,02시-04시,18,0,36,5,27,4
전남,화순군,04시-06시,24,1,56,7,44,5
전남,화순군,06시-08시,28,0,46,8,34,4
전남,화순군,08시-10시,16,0,23,4,19,0
전남,화순군,10시-12시,20,0,33,6,22,5
전남,화순군,12시-14시,26,0,37,4,29,4
전남,화순군,14시-16시,17,0,30,6,22,2
전남,화순군,16시-18시,26,3,45,6,32,7
전남,화순군,18시-20시,25,1,45,10,29,6
전남,화순군,20시-22시,18,1,29,9,20,0
전남,화순군,22시-24시,32,0,48,6,36,6
전남,장흥군,00시-02시,9,0,13,7,6,0
전남,장흥군,02시-04시,21,1,33,11,21,1
전남,장흥군,04시-06시,8,0,11,2,9,0
전남,장흥군,06시-08시,13,1,24,14,10,0
전남,장흥군,08시-10시,17,0,29,11,17,1
전남,장흥군,10시-12시,18,1,26,10,16,0
전남,장흥군,12시-14시,22,3,29,18,11,0
전남,장흥군,14시-16시,15,1,16,8,8,0
전남,장흥군,16시-18시,15,0,22,8,14,0
전남,장흥군,18시-20시,20,3,28,6,21,1
전남,장흥군,20시-22시,13,0,21,5,16,0
전남,장흥군,22시-24시,21,0,41,12,28,1
전남,강진군,00시-02시,11,0,20,4,13,3
전남,강진군,02시-04시,18,1,26,10,14,2
전남,강진군,04시-06시,13,1,24,7,17,0
전남,강진군,06시-08시,16,1,23,6,16,1
전남,강진군,08시-10시,16,0,29,7,21,1
전남,강진군,10시-12시,9,0,11,4,7,0
전남,강진군,12시-14시,13,3,18,6,12,0
전남,강진군,14시-16시,20,0,36,11,25,0
전남,강진군,16시-18시,22,2,30,13,16,1
전남,강진군,18시-20시,21,2,36,12,22,2
전남,강진군,20시-22시,10,1,17,2,15,0
전남,강진군,22시-24시,8,1,9,0,9,0
전남,해남군,00시-02시,18,0,29,8,19,2
전남,해남군,02시-04시,28,1,41,17,20,4
전남,해남군,04시-06시,27,1,43,14,29,0
전남,해남군,06시-08시,26,4,37,9,23,5
전남,해남군,08시-10시,20,2,31,5,25,1
전남,해남군,10시-12시,27,5,38,9,24,5
전남,해남군,12시-14시,23,2,36,10,24,2
전남,해남군,14시-16시,19,1,26,7,17,2
전남,해남군,16시-18시,25,0,48,19,27,2
전남,해남군,18시-20시,23,1,41,8,27,6
전남,해남군,20시-22시,41,2,74,22,48,4
전남,해남군,22시-24시,23,0,34,10,20,4
전남,영암군,00시-02시,16,1,27,4,23,0
전남,영암군,02시-04시,37,3,68,13,54,1
전남,영암군,04시-06시,34,2,50,11,39,0
전남,영암군,06시-08시,32,1,49,12,37,0
전남,영암군,08시-10시,31,2,54,26,28,0
전남,영암군,10시-12시,38,0,73,18,54,1
전남,영암군,12시-14시,36,0,80,19,60,1
전남,영암군,14시-16시,32,3,46,13,32,1
전남,영암군,16시-18시,32,1,67,7,59,1
전남,영암군,18시-20시,42,2,79,14,65,0
전남,영암군,20시-22시,36,1,79,16,61,2
전남,영암군,22시-24시,29,3,39,10,26,3
전남,무안군,00시-02시,15,0,26,2,22,2
전남,무안군,02시-04시,25,2,40,13,27,0
전남,무안군,04시-06시,26,1,45,8,34,3
전남,무안군,06시-08시,36,1,56,9,47,0
전남,무안군,08시-10시,22,1,31,6,24,1
전남,무안군,10시-12시,28,2,56,14,41,1
전남,무안군,12시-14시,34,1,57,9,45,3
전남,무안군,14시-16시,35,1,54,15,39,0
전남,무안군,16시-18시,36,2,58,15,43,0
전남,무안군,18시-20시,36,3,58,15,41,2
전남,무안군,20시-22시,20,3,28,7,21,0
전남,무안군,22시-24시,25,1,40,5,35,0
전남,함평군,00시-02시,5,2,4,0,4,0
전남,함평군,02시-04시,5,0,8,1,7,0
전남,함평군,04시-06시,12,0,18,6,11,1
전남,함평군,06시-08시,13,0,22,3,19,0
전남,함평군,08시-10시,11,0,24,4,18,2
전남,함평군,10시-12시,9,1,13,1,12,0
전남,함평군,12시-14시,14,1,17,3,14,0
전남,함평군,14시-16시,10,1,14,5,9,0
전남,함평군,16시-18시,13,0,20,5,14,1
전남,함평군,18시-20시,19,0,40,11,28,1
전남,함평군,20시-22시,11,2,15,7,8,0
전남,함평군,22시-24시,5,0,8,1,7,0
전남,영광군,00시-02시,8,2,8,7,1,0
전남,영광군,02시-04시,17,1,26,7,19,0
전남,영광군,04시-06시,7,1,13,0,13,0
전남,영광군,06시-08시,15,0,23,9,13,1
전남,영광군,08시-10시,18,0,23,5,16,2
전남,영광군,10시-12시,17,1,37,14,21,2
전남,영광군,12시-14시,11,0,13,2,11,0
전남,영광군,14시-16시,23,3,46,11,32,3
전남,영광군,16시-18시,17,3,22,8,14,0
전남,영광군,18시-20시,15,2,45,28,17,0
전남,영광군,20시-22시,15,1,24,8,14,2
전남,영광군,22시-24시,14,2,26,7,18,1
전남,장성군,00시-02시,6,1,9,2,7,0
전남,장성군,02시-04시,16,0,24,7,15,2
전남,장성군,04시-06시,19,0,42,10,32,0
전남,장성군,06시-08시,13,0,21,10,11,0
전남,장성군,08시-10시,16,1,34,14,19,1
전남,장성군,10시-12시,19,1,44,7,25,12
전남,장성군,12시-14시,12,1,18,6,11,1
전남,장성군,14시-16시,24,2,30,13,16,1
전남,장성군,16시-18시,15,0,17,6,10,1
전남,장성군,18시-20시,21,1,52,14,36,2
전남,장성군,20시-22시,10,2,16,5,10,1
전남,장성군,22시-24시,17,1,20,3,17,0
전남,완도군,00시-02시,5,0,6,2,4,0
전남,완도군,02시-04시,14,0,20,10,10,0
전남,완도군,04시-06시,11,0,16,6,10,0
전남,완도군,06시-08시,14,2,22,6,15,1
전남,완도군,08시-10시,14,0,23,12,10,1
전남,완도군,10시-12시,14,1,28,10,18,0
전남,완도군,12시-14시,11,1,17,4,13,0
전남,완도군,14시-16시,7,2,12,2,8,2
전남,완도군,16시-18시,8,1,11,4,7,0
전남,완도군,18시-20시,15,1,21,14,6,1
전남,완도군,20시-22시,14,1,22,7,14,1
전남,완도군,22시-24시,12,4,11,3,8,0
전남,진도군,00시-02시,4,1,7,5,2,0
전남,진도군,02시-04시,9,1,16,5,11,0
전남,진도군,04시-06시,3,0,5,3,2,0
전남,진도군,06시-08시,9,1,9,3,5,1
전남,진도군,08시-10시,5,0,8,1,7,0
전남,진도군,10시-12시,8,0,11,2,8,1
전남,진도군,12시-14시,14,0,24,6,16,2
전남,진도군,14시-16시,13,0,19,7,10,2
전남,진도군,16시-18시,7,1,15,4,11,0
전남,진도군,18시-20시,6,1,7,3,3,1
전남,진도군,20시-22시,7,0,11,6,5,0
전남,진도군,22시-24시,11,0,17,4,13,0
전남,신안군,00시-02시,1,0,1,1,0,0
전남,신안군,02시-04시,6,0,11,4,7,0
전남,신안군,04시-06시,5,1,4,2,2,0
전남,신안군,06시-08시,7,0,9,2,7,0
전남,신안군,08시-10시,8,1,7,4,3,0
전남,신안군,10시-12시,5,0,7,3,4,0
전남,신안군,12시-14시,3,0,5,0,5,0
전남,신안군,14시-16시,7,2,13,4,9,0
전남,신안군,16시-18시,11,0,19,11,8,0
전남,신안군,18시-20시,9,2,16,3,12,1
전남,신안군,20시-22시,7,0,14,6,6,2
전남,신안군,22시-24시,6,1,5,4,1,0
경북,포항시,00시-02시,103,0,145,39,100,6
경북,포항시,02시-04시,188,2,286,85,185,16
경북,포항시,04시-06시,191,6,252,68,176,8
경북,포항시,06시-08시,199,2,306,76,218,12
경북,포항시,08시-10시,175,6,280,60,210,10
경북,포항시,10시-12시,187,5,269,67,191,11
경북,포항시,12시-14시,175,0,253,73,167,13
경북,포항시,14시-16시,187,2,267,90,170,7
경북,포항시,16시-18시,205,9,299,77,206,16
경북,포항시,18시-20시,195,2,305,68,222,15
경북,포항시,20시-22시,194,3,309,79,225,5
경북,포항시,22시-24시,187,2,293,87,202,4
경북,경주시,00시-02시,77,2,130,46,73,11
경북,경주시,02시-04시,143,5,248,85,151,12
경북,경주시,04시-06시,126,2,212,68,127,17
경북,경주시,06시-08시,148,7,234,86,131,17
경북,경주시,08시-10시,125,5,214,78,115,21
경북,경주시,10시-12시,128,10,191,68,102,21
경북,경주시,12시-14시,145,4,212,88,111,13
경북,경주시,14시-16시,147,0,227,82,129,16
경북,경주시,16시-18시,117,7,182,65,107,10
경북,경주시,18시-20시,130,5,203,68,124,11
경북,경주시,20시-22시,155,4,250,93,136,21
경북,경주시,22시-24시,123,3,202,69,111,22
경북,김천시,00시-02시,17,1,24,13,10,1
경북,김천시,02시-04시,36,1,56,17,39,0
경북,김천시,04시-06시,33,0,59,26,33,0
경북,김천시,06시-08시,42,3,46,21,25,0
경북,김천시,08시-10시,54,4,81,28,52,1
경북,김천시,10시-12시,44,1,70,30,39,1
경북,김천시,12시-14시,34,0,49,18,30,1
경북,김천시,14시-16시,37,0,55,22,33,0
경북,김천시,16시-18시,36,0,45,16,29,0
경북,김천시,18시-20시,33,1,49,20,28,1
경북,김천시,20시-22시,42,2,70,24,45,1
경북,김천시,22시-24시,50,1,67,24,43,0
경북,안동시,00시-02시,32,2,48,12,34,2
경북,안동시,02시-04시,55,2,71,19,49,3
경북,안동시,04시-06시,78,3,118,34,78,6
경북,안동시,06시-08시,77,2,113,52,55,6
경북,안동시,08시-10시,83,2,123,32,83,8
경북,안동시,10시-12시,68,4,93,31,59,3
경북,안동시,12시-14시,101,2,142,39,92,11
경북,안동시,14시-16시,78,3,126,45,78,3
경북,안동시,16시-18시,87,5,141,48,86,7
경북,안동시,18시-20시,51,3,76,20,52,4
경북,안동시,20시-22시,62,1,87,32,51,4
경북,안동시,22시-24시,77,1,120,37,77,6
경북,구미시,00시-02시,70,1,109,26,70,13
경북,구미시,02시-04시,121,7,174,44,110,20
경북,구미시,04시-06시,141,1,216,66,120,30
경북,구미시,06시-08시,135,2,191,54,122,15
경북,구미시,08시-10시,129,1,187,63,96,28
경북,구미시,10시-12시,135,4,204,57,123,24
경북,구미시,12시-14시,148,2,212,66,115,31
경북,구미시,14시-16시,147,3,208,58,121,29
경북,구미시,16시-18시,147,4,207,57,124,26
경북,구미시,18시-20시,145,0,228,83,120,25
경북,구미시,20시-22시,149,7,206,77,107,22
경북,구미시,22시-24시,154,3,227,66,136,25
경북,영주시,00시-02시,25,1,37,15,21,1
경북,영주시,02시-04시,57,1,82,30,52,0
경북,영주시,04시-06시,49,2,71,23,47,1
경북,영주시,06시-08시,45,0,71,28,41,2
경북,영주시,08시-10시,44,2,57,17,40,0
경북,영주시,10시-12시,41,0,61,19,42,0
경북,영주시,12시-14시,35,1,55,20,35,0
경북,영주시,14시-16시,49,1,74,15,58,1
경북,영주시,16시-18시,45,1,74,27,47,0
경북,영주시,18시-20시,42,0,67,19,48,0
경북,영주시,20시-22시,52,2,68,27,39,2
경북,영주시,22시-24시,44,0,58,26,32,0
경북,영천시,00시-02시,20,1,31,9,22,0
경북,영천시,02시-04시,60,2,99,31,60,8
경북,영천시,04시-06시,45,1,74,24,49,1
경북,영천시,06시-08시,46,1,87,25,60,2
경북,영천시,08시-10시,55,4,68,36,30,2
경북,영천시,10시-12시,31,2,39,14,23,2
경북,영천시,12시-14시,54,2,65,21,41,3
경북,영천시,14시-16시,45,1,66,22,35,9
경북,영천시,16시-18시,46,4,73,23,48,2
경북,영천시,18시-20시,46,2,68,20,48,0
경북,영천시,20시-22시,60,6,74,26,43,5
경북,영천시,22시-24시,45,0,71,17,52,2
경북,문경시,00시-02시,13,0,18,2,15,1
경북,문경시,02시-04시,30,0,47,18,28,1
경북,문경시,04시-06시,28,0,44,12,30,2
경북,문경시,06시-08시,27,0,54,11,42,1
경북,문경시,08시-10시,22,0,36,13,23,0
경북,문경시,10시-12시,24,2,36,13,23,0
경북,문경시,12시-14시,29,1,40,10,29,1
경북,문경시,14시-16시,30,3,42,25,17,0
경북,문경시,16시-18시,27,3,38,15,20,3
경북,문경시,18시-20시,26,2,36,10,25,1
경북,문경시,20시-22시,31,0,43,13,29,1
경북,문경시,22시-24시,25,1,38,14,22,2
경북,상주시,00시-02시,25,0,42,8,31,3
경북,상주시,02시-04시,33,1,50,22,24,4
경북,상주시,04시-06시,38,1,53,19,29,5
경북,상주시,06시-08시,31,1,35,9,20,6
경북,상주시,08시-10시,47,2,62,25,36,1
경북,상주시,10시-12시,41,1,63,33,22,8
경북,상주시,12시-14시,35,1,46,15,29,2
경북,상주시,14시-16시,45,1,62,30,29,3
경북,상주시,16시-18시,38,1,65,26,31,8
경북,상주시,18시-20시,40,2,59,26,32,1
경북,상주시,20시-22시,52,7,68,36,30,2
경북,상주시,22시-24시,31,2,44,17,22,5
경북,군위군,00시-02시,1,0,1,1,0,0
경북,군위군,02시-04시,15,0,24,12,11,1
경북,군위군,04시-06시,6,0,8,5,3,0
경북,군위군,06시-08시,10,1,12,6,6,0
경북,군위군,08시-10시,8,0,12,7,5,0
경북,군위군,10시-12시,11,1,12,11,1,0
경북,군위군,12시-14시,11,3,25,9,10,6
경북,군위군,14시-16시,6,3,4,2,2,0
경북,군위군,16시-18시,9,0,13,3,8,2
경북,군위군,18시-20시,10,1,10,5,4,1
경북,군위군,20시-22시,6,1,13,3,9,1
경북,군위군,22시-24시,6,0,8,1,5,2
경북,의성군,00시-02시,8,0,9,5,3,1
경북,의성군,02시-04시,23,1,37,16,21,0
경북,의성군,04시-06시,19,0,36,17,18,1
경북,의성군,06시-08시,22,2,31,9,22,0
경북,의성군,08시-10시,14,0,23,11,11,1
경북,의성군,10시-12시,18,2,28,11,17,0
경북,의성군,12시-14시,12,0,22,9,13,0
경북,의성군,14시-16시,14,0,25,11,14,0
경북,의성군,16시-18시,22,0,31,14,17,0
경북,의성군,18시-20시,11,2,12,6,6,0
경북,의성군,20시-22시,15,1,16,7,8,1
경북,의성군,22시-24시,25,3,30,16,13,1
경북,청송군,00시-02시,5,0,14,3,11,0
경북,청송군,02시-04시,7,0,10,6,3,1
경북,청송군,04시-06시,10,1,10,8,1,1
경북,청송군,06시-08시,5,0,6,3,3,0
경북,청송군,08시-10시,11,1,17,8,8,1
경북,청송군,10시-12시,10,0,13,5,7,1
경북,청송군,12시-14시,5,1,7,7,0,0
경북,청송군,14시-16시,6,0,10,7,3,0
경북,청송군,16시-18시,10,1,19,4,13,2
경북,청송군,18시-20시,8,0,11,3,8,0
경북,청송군,20시-22시,8,0,9,6,3,0
경북,청송군,22시-24시,9,1,12,8,4,0
경북,영양군,00시-02시,4,0,10,4,6,0
경북,영양군,02시-04시,7,0,12,4,7,1
경북,영양군,04시-06시,5,1,5,1,3,1
경북,영양군,06시-08시,8,0,16,6,8,2
경북,영양군,08시-10시,3,1,8,3,5,0
경북,영양군,10시-12시,7,0,8,4,3,1
경북,영양군,12시-14시,7,0,12,4,8,0
경북,영양군,14시-16시,3,0,4,0,4,0
경북,영양군,16시-18시,2,0,2,1,1,0
경북,영양군,18시-20시,1,0,1,0,1,0
경북,영양군,20시-22시,4,2,4,2,2,0
경북,영양군,22시-24시,4,0,7,2,5,0
경북,영덕군,00시-02시,12,1,21,5,12,4
경북,영덕군,02시-04시,18,0,31,10,20,1
경북,영덕군,04시-06시,16,1,26,8,17,1
경북,영덕군,06시-08시,16,2,44,12,32,0
경북,영덕군,08시-10시,16,0,27,9,17,1
경북,영덕군,10시-12시,18,0,28,18,10,0
경북,영덕군,12시-14시,17,0,19,12,6,1
경북,영덕군,14시-16시,13,0,20,6,13,1
경북,영덕군,16시-18시,14,1,25,17,8,0
경북,영덕군,18시-20시,9,0,21,8,11,2
경북,영덕군,20시-22시,19,1,39,12,25,2
경북,영덕군,22시-24시,16,1,26,12,13,1
경북,청도군,00시-02시,12,0,27,14,12,1
경북,청도군,02시-04시,27,1,48,16,32,0
경북,청도군,04시-06시,23,2,30,16,11,3
경북,청도군,06시-08시,12,1,25,12,7,6
경북,청도군,08시-10시,19,0,37,14,21,2
경북,청도군,10시-12시,12,0,27,14,12,1
경북,청도군,12시-14시,18,1,18,12,6,0
경북,청도군,14시-16시,16,0,31,14,15,2
경북,청도군,16시-18시,18,0,31,13,17,1
경북,청도군,18시-20시,17,1,30,12,17,1
경북,청도군,20시-22시,15,0,32,7,23,2
경북,청도군,22시-24시,18,2,33,9,23,1
경북,고령군,00시-02시,9,0,16,5,11,0
경북,고령군,02시-04시,14,0,21,6,15,0
경북,고령군,04시-06시,16,0,28,13,15,0
경북,고령군,06시-08시,10,0,15,2,13,0
경북,고령군,08시-10시,14,1,19,6,13,0
경북,고령군,10시-12시,21,1,39,10,29,0
경북,고령군,12시-14시,16,2,34,7,24,3
경북,고령군,14시-16시,12,0,23,8,15,0
경북,고령군,16시-18시,11,0,12,6,6,0
경북,고령군,18시-20시,17,1,31,8,23,0
경북,고령군,20시-22시,12,4,16,8,8,0
경북,고령군,22시-24시,14,0,26,4,22,0
경북,성주군,00시-02시,6,1,8,4,4,0
경북,성주군,02시-04시,10,0,16,8,8,0
경북,성주군,04시-06시,22,0,29,12,17,0
경북,성주군,06시-08시,24,5,33,13,19,1
경북,성주군,08시-10시,10,1,14,4,10,0
경북,성주군,10시-12시,14,1,20,8,12,0
경북,성주군,12시-14시,17,1,24,10,14,0
경북,성주군,14시-16시,12,0,19,6,13,0
경북,성주군,16시-18시,14,0,24,9,15,0
경북,성주군,18시-20시,18,2,22,5,17,0
경북,성주군,20시-22시,14,2,15,9,6,0
경북,성주군,22시-24시,27,3,38,16,22,0
경북,칠곡군,00시-02시,26,0,43,10,26,7
경북,칠곡군,02시-04시,42,4,72,23,39,10
경북,칠곡군,04시-06시,52,3,82,25,46,11
경북,칠곡군,06시-08시,47,1,88,19,53,16
경북,칠곡군,08시-10시,52,2,91,38,38,15
경북,칠곡군,10시-12시,57,2,90,32,44,14
경북,칠곡군,12시-14시,68,0,108,36,54,18
경북,칠곡군,14시-16시,49,4,92,23,54,15
경북,칠곡군,16시-18시,52,3,71,20,38,13
경북,칠곡군,18시-20시,48,2,81,20,48,13
경북,칠곡군,20시-22시,41,2,50,13,27,10
경북,칠곡군,22시-24시,44,1,75,19,37,19
경북,예천군,00시-02시,6,1,7,4,3,0
경북,예천군,02시-04시,19,1,36,28,7,1
경북,예천군,04시-06시,22,3,31,20,11,0
경북,예천군,06시-08시,12,1,13,8,5,0
경북,예천군,08시-10시,7,1,16,14,2,0
경북,예천군,10시-12시,13,0,21,11,9,1
경북,예천군,12시-14시,22,1,37,19,18,0
경북,예천군,14시-16시,16,0,24,12,12,0
경북,예천군,16시-18시,14,0,22,10,12,0
경북,예천군,18시-20시,14,0,29,16,12,1
경북,예천군,20시-22시,10,0,16,7,9,0
경북,예천군,22시-24시,20,0,25,20,5,0
경북,봉화군,00시-02시,2,0,4,2,2,0
경북,봉화군,02시-04시,12,0,21,7,14,0
경북,봉화군,04시-06시,20,1,29,13,13,3
경북,봉화군,06시-08시,15,0,33,16,15,2
경북,봉화군,08시-10시,11,1,17,7,8,2
경북,봉화군,10시-12시,11,0,18,7,10,1
경북,봉화군,12시-14시,11,1,20,13,6,1
경북,봉화군,14시-16시,10,0,16,5,10,1
경북,봉화군,16시-18시,7,0,12,5,7,0
경북,봉화군,18시-20시,10,2,22,4,15,3
경북,봉화군,20시-22시,12,1,16,6,10,0
경북,봉화군,22시-24시,12,0,23,6,15,2
경북,울진군,00시-02시,8,0,14,5,7,2
경북,울진군,02시-04시,15,1,20,10,9,1
경북,울진군,04시-06시,12,0,16,2,12,2
경북,울진군,06시-08시,15,1,18,10,5,3
경북,울진군,08시-10시,14,0,18,12,5,1
경북,울진군,10시-12시,12,2,16,10,6,0
경북,울진군,12시-14시,12,1,16,10,6,0
경북,울진군,14시-16시,12,2,16,8,7,1
경북,울진군,16시-18시,23,2,28,16,12,0
경북,울진군,18시-20시,10,0,11,6,4,1
경북,울진군,20시-22시,16,1,20,7,11,2
경북,울진군,22시-24시,20,0,29,13,13,3
경북,울릉군,00시-02시,1,0,1,0,1,0
경북,울릉군,06시-08시,2,0,2,1,1,0
경북,울릉군,10시-12시,1,0,1,0,1,0
경북,울릉군,12시-14시,1,0,1,0,1,0
경북,울릉군,16시-18시,2,0,6,3,3,0
경북,울릉군,20시-22시,2,0,4,3,0,1
경북,울릉군,22시-24시,1,0,1,0,1,0
경북,경산시,00시-02시,52,1,80,24,55,1
경북,경산시,02시-04시,97,2,123,30,89,4
경북,경산시,04시-06시,96,0,135,30,102,3
경북,경산시,06시-08시,94,4,132,36,92,4
경북,경산시,08시-10시,91,1,146,32,96,18
경북,경산시,10시-12시,101,1,145,51,88,6
경북,경산시,12시-14시,86,2,123,32,86,5
경북,경산시,14시-16시,113,1,156,47,107,2
경북,경산시,16시-18시,101,1,138,36,92,10
경북,경산시,18시-20시,103,5,155,41,109,5
경북,경산시,20시-22시,121,2,172,56,110,6
경북,경산시,22시-24시,88,0,123,36,81,6
경남,진주시,00시-02시,37,3,51,29,21,1
경남,진주시,02시-04시,67,3,84,48,36,0
경남,진주시,04시-06시,64,1,79,46,32,1
경남,진주시,06시-08시,75,4,101,50,46,5
경남,진주시,08시-10시,57,1,84,48,35,1
경남,진주시,10시-12시,64,1,91,41,44,6
경남,진주시,12시-14시,77,2,112,62,48,2
경남,진주시,14시-16시,63,4,81,48,32,1
경남,진주시,16시-18시,74,3,96,55,36,5
경남,진주시,18시-20시,65,0,93,51,41,1
경남,진주시,20시-22시,75,2,93,53,32,8
경남,진주시,22시-24시,60,2,79,35,42,2
경남,통영시,00시-02시,29,0,54,18,33,3
경남,통영시,02시-04시,56,2,84,38,45,1
경남,통영시,04시-06시,53,0,73,35,37,1
경남,통영시,06시-08시,54,1,76,35,38,3
경남,통영시,08시-10시,55,3,76,28,44,4
경남,통영시,10시-12시,38,0,48,17,29,2
경남,통영시,12시-14시,59,1,81,28,48,5
경남,통영시,14시-16시,54,0,91,31,59,1
경남,통영시,16시-18시,48,2,63,30,32,1
경남,통영시,18시-20시,54,2,93,28,62,3
경남,통영시,20시-22시,61,1,107,28,76,3
경남,통영시,22시-24시,50,0,80,21,53,6
경남,김해시,00시-02시,71,1,105,45,55,5
경남,김해시,02시-04시,157,4,242,96,143,3
경남,김해시,04시-06시,133,3,185,81,95,9
경남,김해시,06시-08시,136,2,185,95,87,3
경남,김해시,08시-10시,141,3,186,79,98,9
경남,김해시,10시-12시,178,4,278,117,148,13
경남,김해시,12시-14시,170,1,272,105,156,11
경남,김해시,14시-16시,156,3,228,89,132,7
경남,김해시,16시-18시,153,1,215,97,102,16
경남,김해시,18시-20시,159,2,232,90,134,8
경남,김해시,20시-22시,143,3,210,72,128,10
경남,김해시,22시-24시,131,1,198,73,109,16
경남,밀양시,00시-02시,11,0,14,5,9,0
경남,밀양시,02시-04시,33,1,48,26,22,0
경남,밀양시,04시-06시,25,1,30,15,15,0
경남,밀양시,06시-08시,33,2,45,18,25,2
경남,밀양시,08시-10시,30,3,49,26,18,5
경남,밀양시,10시-12시,37,2,46,23,22,1
경남,밀양시,12시-14시,32,2,44,17,20,7
경남,밀양시,14시-16시,34,0,49,11,35,3
경남,밀양시,16시-18시,34,1,49,15,32,2
경남,밀양시,18시-20시,28,3,40,13,24,3
경남,밀양시,20시-22시,29,1,39,16,22,1
경남,밀양시,22시-24시,45,0,65,26,37,2
경남,거제시,00시-02시,50,0,85,26,48,11
경남,거제시,02시-04시,77,2,123,35,79,9
경남,거제시,04시-06시,77,1,121,38,67,16
경남,거제시,06시-08시,68,0,104,32,69,3
경남,거제시,08시-10시,92,0,130,55,70,5
경남,거제시,10시-12시,82,0,117,31,77,9
경남,거제시,12시-14시,82,0,116,37,71,8
경남,거제시,14시-16시,88,0,145,39,89,17
경남,거제시,16시-18시,94,1,122,36,77,9
경남,거제시,18시-20시,76,1,117,37,73,7
경남,거제시,20시-22시,73,0,109,41,63,5
경남,거제시,22시-24시,84,2,126,46,68,12
경남,의령군,00시-02시,9,1,15,5,7,3
경남,의령군,02시-04시,6,0,7,4,3,0
경남,의령군,04시-06시,10,0,15,6,8,1
경남,의령군,06시-08시,12,2,17,9,8,0
경남,의령군,08시-10시,9,0,11,4,6,1
경남,의령군,10시-12시,7,0,11,6,5,0
경남,의령군,12시-14시,2,0,9,3,0,6
경남,의령군,14시-16시,16,0,20,10,10,0
경남,의령군,16시-18시,7,0,11,3,8,0
경남,의령군,18시-20시,7,1,8,7,1,0
경남,의령군,20시-22시,4,0,6,2,4,0
경남,의령군,22시-24시,5,0,12,5,6,1
경남,함안군,00시-02시,10,0,14,4,10,0
경남,함안군,02시-04시,20,1,31,10,19,2
경남,함안군,04시-06시,26,0,58,20,34,4
경남,함안군,06시-08시,21,2,36,21,15,0
경남,함안군,08시-10시,26,2,41,14,26,1
경남,함안군,10시-12시,19,2,26,4,22,0
경남,함안군,12시-14시,26,2,40,25,13,2
경남,함안군,14시-16시,21,1,30,11,19,0
경남,함안군,16시-18시,19,3,21,7,13,1
경남,함안군,18시-20시,34,1,69,31,38,0
경남,함안군,20시-22시,20,0,28,18,9,1
경남,함안군,22시-24시,22,4,25,8,17,0
경남,창녕군,00시-02시,8,1,10,6,4,0
경남,창녕군,02시-04시,23,1,42,19,23,0
경남,창녕군,04시-06시,24,5,32,16,16,0
경남,창녕군,06시-08시,17,2,26,11,15,0
경남,창녕군,08시-10시,23,4,38,25,12,1
경남,창녕군,10시-12시,18,0,26,12,13,1
경남,창녕군,12시-14시,22,1,28,21,7,0
경남,창녕군,14시-16시,20,0,37,15,19,3
경남,창녕군,16시-18시,17,1,17,12,5,0
경남,창녕군,18시-20시,24,1,30,10,19,1
경남,창녕군,20시-22시,21,0,34,15,19,0
경남,창녕군,22시-24시,29,2,41,15,22,4
경남,양산시,00시-02시,37,1,49,15,27,7
경남,양산시,02시-04시,85,2,121,34,72,15
경남,양산시,04시-06시,93,5,113,32,53,28
경남,양산시,06시-08시,85,1,120,33,64,23
경남,양산시,08시-10시,69,1,87,26,40,21
경남,양산시,10시-12시,112,0,169,35,91,43
경남,양산시,12시-14시,93,0,147,49,64,34
경남,양산시,14시-16시,97,1,133,38,67,28
경남,양산시,16시-18시,107,3,144,33,83,28
경남,양산시,18시-20시,91,1,154,25,100,29
경남,양산시,20시-22시,77,1,121,34,67,20
경남,양산시,22시-24시,87,1,105,37,49,19
경남,고성군,00시-02시,12,0,19,8,11,0
경남,고성군,02시-04시,28,3,31,12,19,0
경남,고성군,04시-06시,13,0,23,12,11,0
경남,고성군,06시-08시,15,1,28,16,12,0
경남,고성군,08시-10시,21,2,31,17,14,0
경남,고성군,10시-12시,28,3,33,7,25,1
경남,고성군,12시-14시,24,2,28,10,18,0
경남,고성군,14시-16시,16,2,17,12,5,0
경남,고성군,16시-18시,18,1,22,9,13,0
경남,고성군,18시-20시,17,0,24,7,16,1
경남,고성군,20시-22시,17,2,22,13,9,0
경남,고성군,22시-24시,18,3,32,9,23,0
경남,사천시,00시-02시,25,1,41,10,27,4
경남,사천시,02시-04시,44,3,63,15,41,7
경남,사천시,04시-06시,48,0,94,18,58,18
경남,사천시,06시-08시,46,2,72,18,46,8
경남,사천시,08시-10시,45,2,75,25,43,7
경남,사천시,10시-12시,46,0,80,20,45,15
경남,사천시,12시-14시,49,4,63,24,33,6
경남,사천시,14시-16시,49,2,74,21,44,9
경남,사천시,16시-18시,57,6,82,24,46,12
경남,사천시,18시-20시,70,2,112,28,61,23
경남,사천시,20시-22시,51,3,83,19,50,14
경남,사천시,22시-24시,40,2,57,11,36,10
경남,남해군,00시-02시,7,0,14,2,12,0
경남,남해군,02시-04시,15,1,22,13,9,0
경남,남해군,04시-06시,19,0,30,12,14,4
경남,남해군,06시-08시,6,0,11,5,5,1
경남,남해군,08시-10시,10,1,11,7,3,1
경남,남해군,10시-12시,15,2,23,8,11,4
경남,남해군,12시-14시,12,1,17,7,9,1
경남,남해군,14시-16시,9,2,17,11,2,4
경남,남해군,16시-18시,15,1,22,9,11,2
경남,남해군,18시-20시,11,0,17,6,10,1
경남,남해군,20시-22시,13,0,22,10,11,1
경남,남해군,22시-24시,13,0,23,7,14,2
경남,하동군,00시-02시,1,0,1,1,0,0
경남,하동군,02시-04시,16,2,22,11,11,0
경남,하동군,04시-06시,16,1,22,6,14,2
경남,하동군,06시-08시,13,0,17,8,8,1
경남,하동군,08시-10시,18,1,36,14,19,3
경남,하동군,10시-12시,10,1,11,3,8,0
경남,하동군,12시-14시,12,0,22,5,15,2
경남,하동군,14시-16시,12,0,16,8,7,1
경남,하동군,16시-18시,8,0,8,6,2,0
경남,하동군,18시-20시,11,1,15,7,7,1
경남,하동군,20시-22시,11,2,13,5,7,1
경남,하동군,22시-24시,20,1,31,15,16,0
경남,산청군,00시-02시,4,0,5,2,2,1
경남,산청군,02시-04시,10,1,16,7,9,0
경남,산청군,04시-06시,9,1,19,12,5,2
경남,산청군,06시-08시,14,1,19,13,4,2
경남,산청군,08시-10시,6,0,11,10,1,0
경남,산청군,10시-12시,14,2,20,6,11,3
경남,산청군,12시-14시,8,0,13,9,3,1
경남,산청군,14시-16시,9,1,19,10,5,4
경남,산청군,16시-18시,9,0,16,11,4,1
경남,산청군,18시-20시,2,0,2,1,0,1
경남,산청군,20시-22시,12,2,20,9,10,1
경남,산청군,22시-24시,9,0,13,9,3,1
경남,함양군,00시-02시,3,0,4,4,0,0
경남,함양군,02시-04시,12,1,26,11,12,3
경남,함양군,04시-06시,7,0,15,12,3,0
경남,함양군,06시-08시,14,0,17,8,5,4
경남,함양군,08시-10시,14,1,18,9,4,5
경남,함양군,10시-12시,11,1,15,6,7,2
경남,함양군,12시-14시,12,0,17,9,4,4
경남,함양군,14시-16시,12,1,13,5,2,6
경남,함양군,16시-18시,14,1,23,10,9,4
경남,함양군,18시-20시,13,0,24,8,4,12
경남,함양군,20시-22시,11,0,14,7,4,3
경남,함양군,22시-24시,7,1,11,7,4,0
경남,거창군,00시-02시,4,0,4,3,1,0
경남,거창군,02시-04시,19,0,21,8,10,3
경남,거창군,04시-06시,23,1,33,15,17,1
경남,거창군,06시-08시,22,1,25,11,13,1
경남,거창군,08시-10시,22,0,28,14,12,2
경남,거창군,10시-12시,19,2,20,11,5,4
경남,거창군,12시-14시,17,0,18,14,3,1
경남,거창군,14시-16시,13,0,25,13,12,0
경남,거창군,16시-18시,13,0,14,6,7,1
경남,거창군,18시-20시,20,1,28,12,9,7
경남,거창군,20시-22시,13,0,16,7,9,0
경남,거창군,22시-24시,16,2,18,7,5,6
경남,합천군,00시-02시,4,0,4,2,2,0
경남,합천군,02시-04시,15,2,43,20,22,1
경남,합천군,04시-06시,12,2,15,7,8,0
경남,합천군,06시-08시,4,1,4,1,2,1
경남,합천군,08시-10시,16,3,16,8,7,1
경남,합천군,10시-12시,12,0,15,6,9,0
경남,합천군,12시-14시,12,2,20,7,13,0
경남,합천군,14시-16시,8,0,11,9,2,0
경남,합천군,16시-18시,7,0,9,5,4,0
경남,합천군,18시-20시,8,0,9,5,3,1
경남,합천군,20시-22시,14,1,13,10,3,0
경남,합천군,22시-24시,15,0,19,9,7,3
경남,창원시(통합),00시-02시,107,2,162,52,104,6
경남,창원시(통합),02시-04시,227,6,329,122,200,7
경남,창원시(통합),04시-06시,220,2,340,123,205,12
경남,창원시(통합),06시-08시,223,3,323,124,185,14
경남,창원시(통합),08시-10시,230,4,334,110,214,10
경남,창원시(통합),10시-12시,225,6,310,119,176,15
경남,창원시(통합),12시-14시,218,7,337,121,197,19
경남,창원시(통합),14시-16시,231,3,339,98,235,6
경남,창원시(통합),16시-18시,228,3,331,118,203,10
경남,창원시(통합),18시-20시,218,3,331,115,205,11
경남,창원시(통합),20시-22시,221,6,299,100,189,10
경남,창원시(통합),22시-24시,221,6,339,127,200,12
제주,제주시,00시-02시,104,3,158,36,109,13
제주,제주시,02시-04시,229,2,338,67,238,33
제주,제주시,04시-06시,202,3,324,78,211,35
제주,제주시,06시-08시,236,6,362,78,259,25
제주,제주시,08시-10시,193,1,302,71,203,28
제주,제주시,10시-12시,247,5,364,76,261,27
제주,제주시,12시-14시,261,3,346,90,226,30
제주,제주시,14시-16시,211,3,334,76,229,29
제주,제주시,16시-18시,229,9,381,90,256,35
제주,제주시,18시-20시,234,3,330,74,222,34
제주,제주시,20시-22시,209,3,327,76,221,30
제주,제주시,22시-24시,232,4,341,74,236,31
제주,서귀포시,00시-02시,41,1,63,25,26,12
제주,서귀포시,02시-04시,78,2,108,36,49,23
제주,서귀포시,04시-06시,83,1,117,36,60,21
제주,서귀포시,06시-08시,80,0,143,49,76,18
제주,서귀포시,08시-10시,61,4,85,34,39,12
제주,서귀포시,10시-12시,79,1,132,47,66,19
제주,서귀포시,12시-14시,98,3,146,52,65,29
제주,서귀포시,14시-16시,65,2,95,29,51,15
제주,서귀포시,16시-18시,88,1,135,39,78,18
제주,서귀포시,18시-20시,84,2,146,37,79,30
제주,서귀포시,20시-22시,80,4,131,46,66,19
제주,서귀포시,22시-24시,89,1,129,31,75,23
대구,중구,00시-02시,49,0,65,21,35,9
대구,중구,02시-04시,75,0,112,26,69,17
대구,중구,04시-06시,76,0,121,22,77,22
대구,중구,06시-08시,63,1,86,21,52,13
대구,중구,08시-10시,73,1,94,26,57,11
대구,중구,10시-12시,85,0,136,26,84,26
대구,중구,12시-14시,85,1,124,21,80,23
대구,중구,14시-16시,77,0,108,31,64,13
대구,중구,16시-18시,78,0,112,23,67,22
대구,중구,18시-20시,89,2,123,22,88,13
대구,중구,20시-22시,79,0,115,18,81,16
대구,중구,22시-24시,90,0,122,32,76,14
대구,동구,00시-02시,55,0,84,20,61,3
대구,동구,02시-04시,104,3,161,40,115,6
대구,동구,04시-06시,116,0,160,35,111,14
대구,동구,06시-08시,124,2,201,43,144,14
대구,동구,08시-10시,113,1,161,27,119,15
대구,동구,10시-12시,127,3,171,41,118,12
대구,동구,12시-14시,143,0,203,55,129,19
대구,동구,14시-16시,110,1,183,44,124,15
대구,동구,16시-18시,108,1,149,44,95,10
대구,동구,18시-20시,110,0,164,41,115,8
대구,동구,20시-22시,107,1,161,25,123,13
대구,동구,22시-24시,104,1,133,34,83,16
대구,서구,00시-02시,39,0,47,10,34,3
대구,서구,02시-04시,89,0,141,33,94,14
대구,서구,04시-06시,94,0,140,40,89,11
대구,서구,06시-08시,76,0,110,30,68,12
대구,서구,08시-10시,101,2,156,58,83,15
대구,서구,10시-12시,95,1,132,35,86,11
대구,서구,12시-14시,85,1,129,37,81,11
대구,서구,14시-16시,99,1,150,43,96,11
대구,서구,16시-18시,101,2,131,41,83,7
대구,서구,18시-20시,93,1,169,38,119,12
대구,서구,20시-22시,93,1,134,31,88,15
대구,서구,22시-24시,110,2,151,44,93,14
대구,남구,00시-02시,29,0,40,11,26,3
대구,남구,02시-04시,81,2,124,25,93,6
대구,남구,04시-06시,72,0,93,22,66,5
대구,남구,06시-08시,76,1,114,20,86,8
대구,남구,08시-10시,69,0,105,27,67,11
대구,남구,10시-12시,55,0,87,25,55,7
대구,남구,12시-14시,61,1,91,28,56,7
대구,남구,14시-16시,62,0,88,19,63,6
대구,남구,16시-18시,61,0,75,14,54,7
대구,남구,18시-20시,52,0,66,22,42,2
대구,남구,20시-22시,75,1,93,24,62,7
대구,남구,22시-24시,65,0,89,20,60,9
대구,북구,00시-02시,62,0,93,23,64,6
대구,북구,02시-04시,149,4,220,57,138,25
대구,북구,04시-06시,160,3,252,54,181,17
대구,북구,06시-08시,182,2,247,54,168,25
대구,북구,08시-10시,155,2,222,58,145,19
대구,북구,10시-12시,165,3,218,52,146,20
대구,북구,12시-14시,144,0,196,43,139,14
대구,북구,14시-16시,146,3,201,57,124,20
대구,북구,16시-18시,177,2,239,72,144,23
대구,북구,18시-20시,149,2,221,61,152,8
대구,북구,20시-22시,162,0,254,65,177,12
대구,북구,22시-24시,179,2,247,74,153,20
대구,수성구,00시-02시,55,0,68,18,44,6
대구,수성구,02시-04시,146,1,199,61,113,25
대구,수성구,04시-06시,143,1,222,71,132,19
대구,수성구,06시-08시,164,4,238,64,156,18
대구,수성구,08시-10시,139,3,213,74,124,15
대구,수성구,10시-12시,157,1,223,54,150,19
대구,수성구,12시-14시,139,3,181,54,115,12
대구,수성구,14시-16시,149,5,205,64,125,16
대구,수성구,16시-18시,144,0,200,48,135,17
대구,수성구,18시-20시,140,1,209,55,148,6
대구,수성구,20시-22시,100,2,146,49,90,7
대구,수성구,22시-24시,138,4,195,57,122,16
대구,달서구,00시-02시,96,0,131,27,92,12
대구,달서구,02시-04시,207,1,272,63,183,26
대구,달서구,04시-06시,217,3,301,61,217,23
대구,달서구,06시-08시,250,5,355,69,257,29
대구,달서구,08시-10시,229,1,327,67,241,19
대구,달서구,10시-12시,238,3,338,76,235,27
대구,달서구,12시-14시,220,0,309,75,217,17
대구,달서구,14시-16시,200,1,290,56,200,34
대구,달서구,16시-18시,254,0,339,83,226,30
대구,달서구,18시-20시,222,2,322,62,233,27
대구,달서구,20시-22시,239,4,317,63,221,33
대구,달서구,22시-24시,208,3,308,67,219,22
대구,달성군,00시-02시,11,0,12,6,5,1
대구,달성군,02시-04시,52,0,72,21,46,5
대구,달성군,04시-06시,61,2,83,23,49,11
대구,달성군,06시-08시,53,4,73,25,46,2
대구,달성군,08시-10시,46,2,69,24,44,1
대구,달성군,10시-12시,48,1,77,19,55,3
대구,달성군,12시-14시,44,1,71,24,44,3
대구,달성군,14시-16시,55,0,83,20,56,7
대구,달성군,16시-18시,58,1,72,31,38,3
대구,달성군,18시-20시,56,1,90,22,60,8
대구,달성군,20시-22시,48,3,67,25,37,5
대구,달성군,22시-24시,60,1,93,30,56,7
인천,중구,00시-02시,14,2,22,9,12,1
인천,중구,02시-04시,45,1,67,23,40,4
인천,중구,04시-06시,30,0,54,12,40,2
인천,중구,06시-08시,27,0,42,8,31,3
인천,중구,08시-10시,28,2,59,14,40,5
인천,중구,10시-12시,40,1,66,19,39,8
인천,중구,12시-14시,28,0,44,9,25,10
인천,중구,14시-16시,38,2,58,14,33,11
인천,중구,16시-18시,20,0,32,12,19,1
인천,중구,18시-20시,43,1,70,15,49,6
인천,중구,20시-22시,39,0,63,14,44,5
인천,중구,22시-24시,20,0,28,13,13,2
인천,동구,00시-02시,2,0,2,2,0,0
인천,동구,02시-04시,6,0,7,3,4,0
인천,동구,04시-06시,8,0,11,8,3,0
인천,동구,06시-08시,10,0,13,3,10,0
인천,동구,08시-10시,10,0,14,4,9,1
인천,동구,10시-12시,13,2,29,7,21,1
인천,동구,12시-14시,7,0,9,3,5,1
인천,동구,14시-16시,8,0,9,1,7,1
인천,동구,16시-18시,12,0,15,7,5,3
인천,동구,18시-20시,8,0,13,3,9,1
인천,동구,20시-22시,14,0,26,9,15,2
인천,동구,22시-24시,9,0,11,4,6,1
인천,남구,00시-02시,43,0,67,12,51,4
인천,남구,02시-04시,87,2,122,33,82,7
인천,남구,04시-06시,68,3,84,30,50,4
인천,남구,06시-08시,93,1,131,26,95,10
인천,남구,08시-10시,98,4,145,25,112,8
인천,남구,10시-12시,79,0,114,29,79,6
인천,남구,12시-14시,88,0,124,30,90,4
인천,남구,14시-16시,84,0,111,25,83,3
인천,남구,16시-18시,98,1,144,31,106,7
인천,남구,18시-20시,68,0,125,22,96,7
인천,남구,20시-22시,78,1,100,21,75,4
인천,남구,22시-24시,88,1,131,24,99,8
인천,부평구,00시-02시,49,0,64,20,40,4
인천,부평구,02시-04시,99,2,142,49,83,10
인천,부평구,04시-06시,111,0,176,51,116,9
인천,부평구,06시-08시,101,0,135,42,90,3
인천,부평구,08시-10시,110,1,155,43,107,5
인천,부평구,10시-12시,85,1,122,35,81,6
인천,부평구,12시-14시,107,1,175,36,132,7
인천,부평구,14시-16시,102,3,144,27,108,9
인천,부평구,16시-18시,90,0,134,45,82,7
인천,부평구,18시-20시,87,2,126,43,82,1
인천,부평구,20시-22시,83,0,121,36,82,3
인천,부평구,22시-24시,80,1,119,36,78,5
인천,남동구,00시-02시,60,3,101,21,76,4
인천,남동구,02시-04시,140,1,220,58,157,5
인천,남동구,04시-06시,127,1,193,52,136,5
인천,남동구,06시-08시,114,0,161,44,113,4
인천,남동구,08시-10시,130,1,201,40,155,6
인천,남동구,10시-12시,165,0,231,62,160,9
인천,남동구,12시-14시,121,1,188,50,129,9
인천,남동구,14시-16시,133,0,224,42,178,4
인천,남동구,16시-18시,128,3,190,35,151,4
인천,남동구,18시-20시,128,0,206,35,164,7
인천,남동구,20시-22시,119,2,168,45,111,12
인천,남동구,22시-24시,153,1,224,51,163,10
인천,서구,00시-02시,42,1,60,17,40,3
인천,서구,02시-04시,78,0,119,33,83,3
인천,서구,04시-06시,92,2,132,38,83,11
인천,서구,06시-08시,78,3,135,27,101,7
인천,서구,08시-10시,93,0,132,34,95,3
인천,서구,10시-12시,123,3,333,95,216,22
인천,서구,12시-14시,84,2,115,34,74,7
인천,서구,14시-16시,91,2,135,34,97,4
인천,서구,16시-18시,98,1,140,32,102,6
인천,서구,18시-20시,87,2,112,25,84,3
인천,서구,20시-22시,89,1,126,21,98,7
인천,서구,22시-24시,104,4,152,46,99,7
인천,연수구,00시-02시,16,1,19,6,11,2
인천,연수구,02시-04시,38,0,61,23,38,0
인천,연수구,04시-06시,58,1,95,19,75,1
인천,연수구,06시-08시,52,1,77,26,48,3
인천,연수구,08시-10시,58,1,84,32,51,1
인천,연수구,10시-12시,43,2,72,16,55,1
인천,연수구,12시-14시,49,1,68,21,45,2
인천,연수구,14시-16시,36,1,51,15,34,2
인천,연수구,16시-18시,49,0,68,27,40,1
인천,연수구,18시-20시,35,1,51,9,40,2
인천,연수구,20시-22시,41,0,65,18,45,2
인천,연수구,22시-24시,49,2,80,28,51,1
인천,계양구,00시-02시,28,0,39,16,23,0
인천,계양구,02시-04시,60,3,91,27,57,7
인천,계양구,04시-06시,63,4,90,29,60,1
인천,계양구,06시-08시,47,0,56,19,36,1
인천,계양구,08시-10시,79,3,122,51,65,6
인천,계양구,10시-12시,66,0,99,35,60,4
인천,계양구,12시-14시,68,1,102,28,67,7
인천,계양구,14시-16시,64,0,86,33,51,2
인천,계양구,16시-18시,59,1,76,25,48,3
인천,계양구,18시-20시,57,0,81,21,57,3
인천,계양구,20시-22시,67,1,79,25,51,3
인천,계양구,22시-24시,63,4,110,25,83,2
인천,강화군,00시-02시,5,0,8,6,2,0
인천,강화군,02시-04시,17,1,28,15,11,2
인천,강화군,04시-06시,10,0,18,10,8,0
인천,강화군,06시-08시,23,0,31,21,9,1
인천,강화군,08시-10시,16,0,25,10,15,0
인천,강화군,10시-12시,13,0,19,7,12,0
인천,강화군,12시-14시,20,0,31,13,18,0
인천,강화군,14시-16시,10,0,16,7,9,0
인천,강화군,16시-18시,15,0,23,11,12,0
인천,강화군,18시-20시,16,0,26,9,15,2
인천,강화군,20시-22시,9,1,8,5,2,1
인천,강화군,22시-24시,15,0,23,10,12,1
인천,옹진군,02시-04시,5,2,7,3,4,0
인천,옹진군,04시-06시,4,0,7,2,4,1
인천,옹진군,08시-10시,4,0,6,1,4,1
인천,옹진군,10시-12시,5,0,9,3,6,0
인천,옹진군,12시-14시,3,0,3,0,3,0
인천,옹진군,14시-16시,1,0,1,0,1,0
인천,옹진군,16시-18시,1,0,1,1,0,0
인천,옹진군,18시-20시,2,1,2,0,2,0
인천,옹진군,20시-22시,4,0,4,2,2,0
인천,옹진군,22시-24시,4,0,7,5,2,0
광주,동구,00시-02시,20,1,37,3,32,2
광주,동구,02시-04시,45,0,67,7,55,5
광주,동구,04시-06시,31,0,42,8,33,1
광주,동구,06시-08시,55,0,82,12,68,2
광주,동구,08시-10시,37,1,58,11,46,1
광주,동구,10시-12시,53,2,93,15,76,2
광주,동구,12시-14시,31,0,37,7,28,2
광주,동구,14시-16시,37,0,57,9,48,0
광주,동구,16시-18시,47,0,84,11,69,4
광주,동구,18시-20시,57,0,87,9,78,0
광주,동구,20시-22시,41,0,65,9,53,3
광주,동구,22시-24시,38,2,53,7,44,2
광주,서구,00시-02시,75,4,131,14,116,1
광주,서구,02시-04시,129,5,211,26,179,6
광주,서구,04시-06시,134,1,204,22,180,2
광주,서구,06시-08시,153,2,262,27,226,9
광주,서구,08시-10시,117,2,186,25,157,4
광주,서구,10시-12시,160,1,247,36,209,2
광주,서구,12시-14시,130,2,192,29,159,4
광주,서구,14시-16시,132,1,235,25,206,4
광주,서구,16시-18시,140,1,231,28,202,1
광주,서구,18시-20시,151,1,276,37,232,7
광주,서구,20시-22시,131,0,208,34,170,4
광주,서구,22시-24시,124,1,210,19,188,3
광주,북구,00시-02시,68,1,118,14,103,1
광주,북구,02시-04시,133,0,229,29,195,5
광주,북구,04시-06시,144,2,232,31,196,5
광주,북구,06시-08시,148,2,266,28,229,9
광주,북구,08시-10시,136,3,234,29,202,3
광주,북구,10시-12시,146,2,229,29,195,5
광주,북구,12시-14시,137,2,212,29,179,4
광주,북구,14시-16시,140,3,228,39,183,6
광주,북구,16시-18시,167,2,238,42,191,5
광주,북구,18시-20시,148,2,224,38,181,5
광주,북구,20시-22시,130,2,214,32,176,6
광주,북구,22시-24시,138,0,208,24,173,11
광주,광산구,00시-02시,69,2,118,9,103,6
광주,광산구,02시-04시,144,0,246,26,213,7
광주,광산구,04시-06시,122,3,208,19,183,6
광주,광산구,06시-08시,127,1,208,30,174,4
광주,광산구,08시-10시,128,2,209,29,172,8
광주,광산구,10시-12시,141,3,227,38,181,8
광주,광산구,12시-14시,131,0,216,22,188,6
광주,광산구,14시-16시,126,3,194,29,156,9
광주,광산구,16시-18시,137,2,243,19,218,6
광주,광산구,18시-20시,116,3,199,18,179,2
광주,광산구,20시-22시,126,2,217,19,190,8
광주,광산구,22시-24시,145,0,226,29,194,3
광주,남구,00시-02시,22,0,26,6,18,2
광주,남구,02시-04시,54,0,82,15,63,4
광주,남구,04시-06시,58,0,88,10,71,7
광주,남구,06시-08시,70,1,114,10,101,3
광주,남구,08시-10시,51,0,97,10,86,1
광주,남구,10시-12시,64,1,104,11,84,9
광주,남구,12시-14시,71,2,106,19,84,3
광주,남구,14시-16시,60,1,95,7,79,9
광주,남구,16시-18시,65,0,101,14,82,5
광주,남구,18시-20시,63,0,97,14,77,6
광주,남구,20시-22시,59,2,80,16,60,4
광주,남구,22시-24시,54,0,82,9,65,8
대전,동구,00시-02시,41,1,54,14,39,1
대전,동구,02시-04시,77,0,105,23,80,2
대전,동구,04시-06시,80,2,108,22,80,6
대전,동구,06시-08시,76,3,105,30,75,0
대전,동구,08시-10시,79,3,103,18,84,1
대전,동구,10시-12시,67,0,121,38,81,2
대전,동구,12시-14시,78,1,97,25,70,2
대전,동구,14시-16시,77,2,105,30,74,1
대전,동구,16시-18시,86,0,128,20,106,2
대전,동구,18시-20시,90,2,136,33,99,4
대전,동구,20시-22시,77,3,108,22,86,0
대전,동구,22시-24시,97,1,147,25,120,2
대전,중구,00시-02시,35,0,73,12,61,0
대전,중구,02시-04시,83,1,112,25,86,1
대전,중구,04시-06시,86,0,126,35,89,2
대전,중구,06시-08시,77,2,127,36,88,3
대전,중구,08시-10시,81,2,116,28,88,0
대전,중구,10시-12시,78,0,127,31,95,1
대전,중구,12시-14시,97,2,143,35,107,1
대전,중구,14시-16시,83,0,120,29,90,1
대전,중구,16시-18시,84,1,129,42,85,2
대전,중구,18시-20시,67,1,104,25,78,1
대전,중구,20시-22시,77,1,107,33,72,2
대전,중구,22시-24시,75,2,135,26,108,1
대전,서구,00시-02시,80,1,124,26,94,4
대전,서구,02시-04시,133,2,206,36,167,3
대전,서구,04시-06시,136,0,206,33,166,7
대전,서구,06시-08시,144,6,213,43,165,5
대전,서구,08시-10시,144,2,232,61,166,5
대전,서구,10시-12시,140,0,209,42,162,5
대전,서구,12시-14시,163,2,253,40,208,5
대전,서구,14시-16시,140,1,235,44,177,14
대전,서구,16시-18시,153,1,216,56,154,6
대전,서구,18시-20시,162,0,242,48,191,3
대전,서구,20시-22시,141,0,205,37,163,5
대전,서구,22시-24시,141,2,196,42,151,3
대전,유성구,00시-02시,41,0,76,19,56,1
대전,유성구,02시-04시,105,0,168,39,127,2
대전,유성구,04시-06시,91,1,145,39,103,3
대전,유성구,06시-08시,97,0,146,28,114,4
대전,유성구,08시-10시,95,1,163,28,134,1
대전,유성구,10시-12시,96,5,140,34,104,2
대전,유성구,12시-14시,102,1,154,39,112,3
대전,유성구,14시-16시,93,2,137,35,99,3
대전,유성구,16시-18시,92,2,141,25,115,1
대전,유성구,18시-20시,94,3,142,34,106,2
대전,유성구,20시-22시,95,1,168,30,133,5
대전,유성구,22시-24시,92,0,136,28,104,4
대전,대덕구,00시-02시,22,0,32,4,26,2
대전,대덕구,02시-04시,64,0,88,26,60,2
대전,대덕구,04시-06시,46,1,67,20,44,3
대전,대덕구,06시-08시,64,3,101,24,68,9
대전,대덕구,08시-10시,48,0,61,18,41,2
대전,대덕구,10시-12시,49,0,63,15,46,2
대전,대덕구,12시-14시,51,2,67,25,41,1
대전,대덕구,14시-16시,52,1,83,15,66,2
대전,대덕구,16시-18시,62,2,83,33,48,2
대전,대덕구,18시-20시,55,0,87,14,72,1
대전,대덕구,20시-22시,47,1,76,25,50,1
대전,대덕구,22시-24시,52,2,71,25,44,2
울산,중구,00시-02시,38,0,50,14,33,3
울산,중구,02시-04시,60,1,77,19,50,8
울산,중구,04시-06시,70,0,110,38,57,15
울산,중구,06시-08시,84,3,121,37,73,11
울산,중구,08시-10시,64,0,110,17,84,9
울산,중구,10시-12시,76,0,126,52,67,7
울산,중구,12시-14시,55,1,77,24,47,6
울산,중구,14시-16시,68,1,102,24,72,6
울산,중구,16시-18시,69,1,101,23,67,11
울산,중구,18시-20시,76,0,108,28,75,5
울산,중구,20시-22시,60,1,95,24,66,5
울산,중구,22시-24시,64,0,92,22,59,11
울산,남구,00시-02시,57,3,86,27,55,4
울산,남구,02시-04시,103,1,148,36,107,5
울산,남구,04시-06시,117,0,176,47,121,8
울산,남구,06시-08시,106,2,152,37,112,3
울산,남구,08시-10시,117,1,160,33,117,10
울산,남구,10시-12시,130,0,188,53,130,5
울산,남구,12시-14시,126,4,184,57,121,6
울산,남구,14시-16시,112,0,146,36,96,14
울산,남구,16시-18시,140,3,195,49,137,9
울산,남구,18시-20시,110,2,171,46,118,7
울산,남구,20시-22시,111,0,150,42,103,5
울산,남구,22시-24시,132,2,170,53,113,4
울산,동구,00시-02시,20,0,25,8,15,2
울산,동구,02시-04시,47,2,53,21,31,1
울산,동구,04시-06시,28,0,38,18,20,0
울산,동구,06시-08시,32,2,37,15,21,1
울산,동구,08시-10시,46,1,62,16,42,4
울산,동구,10시-12시,33,1,45,15,28,2
울산,동구,12시-14시,45,0,59,22,36,1
울산,동구,14시-16시,37,2,42,14,28,0
울산,동구,16시-18시,33,1,46,17,29,0
울산,동구,18시-20시,38,0,55,25,30,0
울산,동구,20시-22시,40,1,56,22,34,0
울산,동구,22시-24시,44,1,65,23,41,1
울산,북구,00시-02시,18,1,38,11,24,3
울산,북구,02시-04시,50,2,78,20,55,3
울산,북구,04시-06시,58,1,95,31,53,11
울산,북구,06시-08시,58,1,103,38,57,8
울산,북구,08시-10시,53,0,72,22,46,4
울산,북구,10시-12시,58,1,89,28,56,5
울산,북구,12시-14시,65,0,111,25,77,9
울산,북구,14시-16시,50,0,72,17,45,10
울산,북구,16시-18시,67,2,108,30,71,7
울산,북구,18시-20시,56,2,99,27,67,5
울산,북구,20시-22시,49,1,83,26,50,7
울산,북구,22시-24시,47,0,85,23,56,6
울산,울주군,00시-02시,44,1,64,25,27,12
울산,울주군,02시-04시,64,4,87,24,55,8
울산,울주군,04시-06시,85,2,140,40,78,22
울산,울주군,06시-08시,69,1,115,32,67,16
울산,울주군,08시-10시,62,3,85,26,45,14
울산,울주군,10시-12시,74,2,112,38,53,21
울산,울주군,12시-14시,81,5,130,39,82,9
울산,울주군,14시-16시,59,2,94,19,63,12
울산,울주군,16시-18시,86,1,134,41,72,21
울산,울주군,18시-20시,71,1,115,35,61,19
울산,울주군,20시-22시,73,4,90,29,53,8
울산,울주군,22시-24시,54,2,94,29,56,9
세종,세종,00시-02시,16,1,23,10,13,0
세종,세종,02시-04시,35,4,45,19,25,1
세종,세종,04시-06시,44,1,71,22,45,4
세종,세종,06시-08시,32,1,45,19,24,2
세종,세종,08시-10시,34,0,53,16,36,1
세종,세종,10시-12시,41,3,79,25,54,0
세종,세종,12시-14시,28,0,58,14,43,1
세종,세종,14시-16시,34,2,59,23,34,2
세종,세종,16시-18시,24,2,37,12,23,2
세종,세종,18시-20시,31,2,43,17,26,0
세종,세종,20시-22시,41,0,81,26,48,7
세종,세종,22시-24시,33,0,61,19,41,1
