시도,시군구,연령,발생건수,사망자수,부상자수,중상,경상,부상신고
서울,종로구,12세이하,3,0,4,0,0,4
서울,종로구,13-20세,28,1,38,15,13,10
서울,종로구,21-30세,167,2,238,63,137,38
서울,종로구,31-40세,199,1,275,56,174,45
서울,종로구,41-50세,287,2,405,104,258,43
서울,종로구,51-60세,400,1,563,135,370,58
서울,종로구,61-64세,112,1,148,38,96,14
서울,종로구,65세이상,179,0,222,52,141,29
서울,종로구,불명,39,0,40,8,13,19
서울,중구,12세이하,1,0,1,0,1,0
서울,중구,13-20세,24,0,28,7,15,6
서울,중구,21-30세,147,0,234,61,135,38
서울,중구,31-40세,201,0,291,84,173,34
서울,중구,41-50세,238,2,302,79,188,35
서울,중구,51-60세,404,2,558,160,346,52
서울,중구,61-64세,102,0,124,29,82,13
서울,중구,65세이상,180,4,220,74,125,21
서울,중구,불명,41,0,45,6,29,10
서울,용산구,12세이하,4,0,4,1,0,3
서울,용산구,13-20세,37,0,50,12,30,8
서울,용산구,21-30세,206,6,301,64,203,34
서울,용산구,31-40세,259,2,374,101,243,30
서울,용산구,41-50세,298,3,412,97,273,42
서울,용산구,51-60세,384,2,538,122,390,26
서울,용산구,61-64세,105,0,156,39,111,6
서울,용산구,65세이상,183,5,227,70,138,19
서울,용산구,불명,40,0,48,7,21,20
서울,성동구,12세이하,4,0,4,2,0,2
서울,성동구,13-20세,52,0,66,18,26,22
서울,성동구,21-30세,173,5,274,77,149,48
서울,성동구,31-40세,200,1,292,77,166,49
서울,성동구,41-50세,270,0,369,112,218,39
서울,성동구,51-60세,311,2,433,118,260,55
서울,성동구,61-64세,79,0,100,31,58,11
서울,성동구,65세이상,109,0,157,53,80,24
서울,성동구,불명,29,0,30,1,24,5
서울,동대문구,12세이하,15,0,16,2,7,7
서울,동대문구,13-20세,97,2,119,19,74,26
서울,동대문구,21-30세,269,1,369,97,228,44
서울,동대문구,31-40세,339,3,475,109,330,36
서울,동대문구,41-50세,397,4,493,144,314,35
서울,동대문구,51-60세,543,2,713,184,478,51
서울,동대문구,61-64세,137,3,181,39,127,15
서울,동대문구,65세이상,239,1,312,95,195,22
서울,동대문구,불명,49,0,53,13,33,7
서울,성북구,12세이하,7,0,7,0,5,2
서울,성북구,13-20세,74,1,91,27,50,14
서울,성북구,21-30세,218,3,312,63,213,36
서울,성북구,31-40세,256,3,337,96,216,25
서울,성북구,41-50세,318,4,454,98,320,36
서울,성북구,51-60세,447,4,601,164,404,33
서울,성북구,61-64세,117,1,163,42,104,17
서울,성북구,65세이상,205,3,281,75,179,27
서울,성북구,불명,38,0,40,11,28,1
서울,도봉구,12세이하,2,0,2,0,1,1
서울,도봉구,13-20세,55,2,66,18,25,23
서울,도봉구,21-30세,106,0,150,36,82,32
서울,도봉구,31-40세,143,1,200,62,118,20
서울,도봉구,41-50세,202,2,285,85,171,29
서울,도봉구,51-60세,211,2,283,80,176,27
서울,도봉구,61-64세,68,0,94,31,52,11
서울,도봉구,65세이상,105,1,153,44,89,20
서울,도봉구,불명,22,0,22,5,11,6
서울,은평구,12세이하,8,0,11,1,7,3
서울,은평구,13-20세,91,0,126,36,69,21
서울,은평구,21-30세,131,3,179,44,114,21
서울,은평구,31-40세,179,2,259,68,157,34
서울,은평구,41-50세,214,1,315,88,192,35
서울,은평구,51-60세,307,7,442,119,278,45
서울,은평구,61-64세,79,0,102,32,66,4
서울,은평구,65세이상,141,3,185,46,113,26
서울,은평구,불명,53,0,54,4,29,21
서울,서대문구,12세이하,6,0,7,0,3,4
서울,서대문구,13-20세,39,0,47,13,25,9
서울,서대문구,21-30세,130,1,177,51,99,27
서울,서대문구,31-40세,160,2,242,79,122,41
서울,서대문구,41-50세,226,2,327,80,211,36
서울,서대문구,51-60세,286,4,395,111,237,47
서울,서대문구,61-64세,83,3,117,37,58,22
서울,서대문구,65세이상,103,1,130,37,71,22
서울,서대문구,불명,38,0,50,8,28,14
서울,마포구,12세이하,5,0,5,1,4,0
서울,마포구,13-20세,68,1,110,28,62,20
서울,마포구,21-30세,285,2,471,119,300,52
서울,마포구,31-40세,296,5,478,119,307,52
서울,마포구,41-50세,355,1,567,147,392,28
서울,마포구,51-60세,449,5,652,181,423,48
서울,마포구,61-64세,114,2,158,47,103,8
서울,마포구,65세이상,158,1,213,57,139,17
서울,마포구,불명,72,0,76,7,45,24
서울,강서구,12세이하,5,0,6,0,5,1
서울,강서구,13-20세,123,2,152,37,90,25
서울,강서구,21-30세,219,1,320,78,214,28
서울,강서구,31-40세,319,5,517,134,334,49
서울,강서구,41-50세,412,1,595,137,417,41
서울,강서구,51-60세,479,2,693,157,476,60
서울,강서구,61-64세,138,0,186,40,138,8
서울,강서구,65세이상,168,1,219,51,144,24
서울,강서구,불명,69,0,74,14,35,25
서울,구로구,12세이하,7,0,8,2,3,3
서울,구로구,13-20세,91,1,156,34,90,32
서울,구로구,21-30세,204,1,296,81,180,35
서울,구로구,31-40세,234,2,332,79,222,31
서울,구로구,41-50세,327,3,459,124,296,39
서울,구로구,51-60세,371,8,508,139,327,42
서울,구로구,61-64세,117,0,164,41,99,24
서울,구로구,65세이상,133,4,179,54,107,18
서울,구로구,불명,24,0,25,5,17,3
서울,영등포구,12세이하,18,0,19,2,8,9
서울,영등포구,13-20세,104,1,139,33,78,28
서울,영등포구,21-30세,310,3,483,98,313,72
서울,영등포구,31-40세,372,2,545,115,366,64
서울,영등포구,41-50세,499,8,751,175,478,98
서울,영등포구,51-60세,656,5,955,216,642,97
서울,영등포구,61-64세,181,2,244,60,163,21
서울,영등포구,65세이상,267,7,370,89,239,42
서울,영등포구,불명,55,0,58,8,33,17
서울,동작구,12세이하,3,0,3,0,2,1
서울,동작구,13-20세,85,2,106,19,55,32
서울,동작구,21-30세,213,0,308,73,192,43
서울,동작구,31-40세,223,1,313,64,208,41
서울,동작구,41-50세,279,1,404,84,270,50
서울,동작구,51-60세,308,0,448,114,300,34
서울,동작구,61-64세,93,0,153,37,102,14
서울,동작구,65세이상,141,3,211,49,136,26
서울,동작구,불명,41,0,48,7,33,8
서울,관악구,13-20세,71,1,88,23,52,13
서울,관악구,21-30세,259,2,342,74,233,35
서울,관악구,31-40세,258,6,347,95,233,19
서울,관악구,41-50세,323,2,450,95,313,42
서울,관악구,51-60세,388,1,490,115,345,30
서울,관악구,61-64세,114,0,152,35,105,12
서울,관악구,65세이상,157,0,209,62,132,15
서울,관악구,불명,55,0,57,2,48,7
서울,강남구,12세이하,5,0,5,2,2,1
서울,강남구,13-20세,64,0,94,25,50,19
서울,강남구,21-30세,587,3,903,197,565,141
서울,강남구,31-40세,852,9,1280,254,854,172
서울,강남구,41-50세,800,3,1151,248,762,141
서울,강남구,51-60세,886,3,1223,261,843,119
서울,강남구,61-64세,265,1,396,73,280,43
서울,강남구,65세이상,327,1,434,91,304,39
서울,강남구,불명,184,0,200,22,147,31
서울,강동구,12세이하,6,0,6,1,3,2
서울,강동구,13-20세,70,1,76,22,45,9
서울,강동구,21-30세,182,3,266,58,194,14
서울,강동구,31-40세,242,2,353,100,218,35
서울,강동구,41-50세,310,9,449,119,298,32
서울,강동구,51-60세,378,3,549,137,387,25
서울,강동구,61-64세,108,1,148,43,97,8
서울,강동구,65세이상,142,4,210,51,146,13
서울,강동구,불명,56,0,72,12,39,21
서울,송파구,12세이하,12,0,14,1,4,9
서울,송파구,13-20세,149,1,198,53,73,72
서울,송파구,21-30세,304,1,428,83,255,90
서울,송파구,31-40세,438,2,644,149,408,87
서울,송파구,41-50세,568,3,803,203,488,112
서울,송파구,51-60세,695,5,968,255,596,117
서울,송파구,61-64세,201,0,293,85,172,36
서울,송파구,65세이상,238,4,324,79,199,46
서울,송파구,불명,82,0,91,20,54,17
서울,서초구,12세이하,4,0,5,2,2,1
서울,서초구,13-20세,41,1,61,15,41,5
서울,서초구,21-30세,281,5,447,109,294,44
서울,서초구,31-40세,381,3,595,171,363,61
서울,서초구,41-50세,478,4,780,184,518,78
서울,서초구,51-60세,543,3,845,202,571,72
서울,서초구,61-64세,150,1,227,56,132,39
서울,서초구,65세이상,198,3,299,73,209,17
서울,서초구,불명,84,0,99,11,60,28
서울,양천구,12세이하,8,1,8,2,6,0
서울,양천구,13-20세,87,0,119,26,66,27
서울,양천구,21-30세,188,2,255,60,173,22
서울,양천구,31-40세,251,0,373,86,259,28
서울,양천구,41-50세,348,3,491,129,326,36
서울,양천구,51-60세,397,6,584,136,414,34
서울,양천구,61-64세,109,0,138,33,98,7
서울,양천구,65세이상,151,2,201,51,141,9
서울,양천구,불명,57,0,62,12,30,20
서울,중랑구,12세이하,15,0,17,3,4,10
서울,중랑구,13-20세,116,3,138,34,55,49
서울,중랑구,21-30세,200,3,269,76,153,40
서울,중랑구,31-40세,246,1,336,95,213,28
서울,중랑구,41-50세,351,0,445,105,276,64
서울,중랑구,51-60세,483,3,657,162,413,82
서울,중랑구,61-64세,103,4,139,43,87,9
서울,중랑구,65세이상,172,2,225,54,133,38
서울,중랑구,불명,36,0,43,6,33,4
서울,노원구,12세이하,8,0,9,2,3,4
서울,노원구,13-20세,111,0,146,41,64,41
서울,노원구,21-30세,157,2,217,53,122,42
서울,노원구,31-40세,234,1,348,79,234,35
서울,노원구,41-50세,296,3,442,108,287,47
서울,노원구,51-60세,365,7,533,136,346,51
서울,노원구,61-64세,115,0,162,28,112,22
서울,노원구,65세이상,135,2,200,63,108,29
서울,노원구,불명,38,0,41,8,26,7
서울,광진구,12세이하,1,0,1,0,0,1
서울,광진구,13-20세,61,0,86,27,43,16
서울,광진구,21-30세,167,4,236,66,144,26
서울,광진구,31-40세,184,2,284,72,185,27
서울,광진구,41-50세,216,3,334,92,212,30
서울,광진구,51-60세,346,2,455,129,293,33
서울,광진구,61-64세,94,2,131,42,73,16
서울,광진구,65세이상,124,3,174,52,109,13
서울,광진구,불명,42,1,43,11,28,4
서울,강북구,12세이하,8,0,8,2,6,0
서울,강북구,13-20세,100,1,148,32,108,8
서울,강북구,21-30세,140,1,172,42,114,16
서울,강북구,31-40세,196,1,277,71,188,18
서울,강북구,41-50세,261,4,372,92,254,26
서울,강북구,51-60세,317,3,408,110,278,20
서울,강북구,61-64세,81,1,101,26,67,8
서울,강북구,65세이상,118,5,154,48,100,6
서울,강북구,불명,44,0,44,6,33,5
서울,금천구,12세이하,3,0,3,1,1,1
서울,금천구,13-20세,41,0,60,11,42,7
서울,금천구,21-30세,122,1,185,29,139,17
서울,금천구,31-40세,151,2,238,46,175,17
서울,금천구,41-50세,185,2,264,57,190,17
서울,금천구,51-60세,247,2,399,97,276,26
서울,금천구,61-64세,59,1,80,24,47,9
서울,금천구,65세이상,85,2,122,23,87,12
서울,금천구,불명,21,0,23,3,16,4
부산,중구,13-20세,15,0,22,6,13,3
부산,중구,21-30세,47,1,66,17,47,2
부산,중구,31-40세,53,2,71,21,45,5
부산,중구,41-50세,61,0,87,32,50,5
부산,중구,51-60세,97,2,121,50,66,5
부산,중구,61-64세,17,0,23,7,13,3
부산,중구,65세이상,37,1,56,14,31,11
부산,중구,불명,10,0,10,1,7,2
부산,서구,13-20세,24,0,37,8,20,9
부산,서구,21-30세,69,0,98,18,71,9
부산,서구,31-40세,61,1,95,23,65,7
부산,서구,41-50세,112,0,167,53,108,6
부산,서구,51-60세,157,2,242,87,134,21
부산,서구,61-64세,35,2,72,26,42,4
부산,서구,65세이상,50,2,69,20,43,6
부산,서구,불명,6,0,6,1,4,1
부산,동구,12세이하,1,0,1,1,0,0
부산,동구,13-20세,13,2,17,9,4,4
부산,동구,21-30세,65,0,86,23,60,3
부산,동구,31-40세,73,0,103,25,70,8
부산,동구,41-50세,113,2,147,48,87,12
부산,동구,51-60세,143,5,190,74,107,9
부산,동구,61-64세,42,0,58,21,32,5
부산,동구,65세이상,62,3,79,23,49,7
부산,동구,불명,16,0,19,2,15,2
부산,영도구,13-20세,11,0,14,7,6,1
부산,영도구,21-30세,49,1,70,22,46,2
부산,영도구,31-40세,64,1,88,33,54,1
부산,영도구,41-50세,86,1,121,32,85,4
부산,영도구,51-60세,104,1,130,49,77,4
부산,영도구,61-64세,33,0,37,16,20,1
부산,영도구,65세이상,41,2,57,20,36,1
부산,영도구,불명,6,0,7,1,3,3
부산,부산진구,13-20세,50,0,68,20,37,11
부산,부산진구,21-30세,257,2,360,106,227,27
부산,부산진구,31-40세,232,1,343,118,206,19
부산,부산진구,41-50세,266,3,344,147,179,18
부산,부산진구,51-60세,350,3,488,180,286,22
부산,부산진구,61-64세,95,2,128,46,79,3
부산,부산진구,65세이상,147,5,207,71,117,19
부산,부산진구,불명,34,0,34,6,24,4
부산,동래구,12세이하,5,0,8,3,4,1
부산,동래구,13-20세,61,1,92,30,48,14
부산,동래구,21-30세,141,0,196,76,104,16
부산,동래구,31-40세,156,0,198,64,130,4
부산,동래구,41-50세,216,2,280,110,156,14
부산,동래구,51-60세,250,3,310,116,178,16
부산,동래구,61-64세,72,1,92,39,48,5
부산,동래구,65세이상,90,2,103,45,49,9
부산,동래구,불명,28,0,30,7,22,1
부산,남구,12세이하,1,0,1,1,0,0
부산,남구,13-20세,44,0,64,17,40,7
부산,남구,21-30세,120,3,177,59,95,23
부산,남구,31-40세,136,0,199,54,121,24
부산,남구,41-50세,181,3,244,76,142,26
부산,남구,51-60세,212,3,301,95,182,24
부산,남구,61-64세,63,0,84,24,55,5
부산,남구,65세이상,100,1,129,38,80,11
부산,남구,불명,29,0,32,12,16,4
부산,북구,12세이하,1,0,1,0,1,0
부산,북구,13-20세,46,2,63,24,34,5
부산,북구,21-30세,89,1,118,32,79,7
부산,북구,31-40세,132,0,194,54,131,9
부산,북구,41-50세,136,1,199,59,133,7
부산,북구,51-60세,210,5,301,97,189,15
부산,북구,61-64세,45,1,68,26,37,5
부산,북구,65세이상,67,0,95,34,55,6
부산,북구,불명,23,0,29,3,20,6
부산,해운대구,12세이하,3,0,3,1,1,1
부산,해운대구,13-20세,74,1,100,36,41,23
부산,해운대구,21-30세,216,3,313,83,192,38
부산,해운대구,31-40세,217,1,318,92,210,16
부산,해운대구,41-50세,246,3,342,117,203,22
부산,해운대구,51-60세,281,4,389,118,242,29
부산,해운대구,61-64세,83,2,112,44,62,6
부산,해운대구,65세이상,120,2,165,57,101,7
부산,해운대구,불명,38,0,42,11,26,5
부산,사하구,12세이하,1,0,1,0,1,0
부산,사하구,13-20세,53,0,67,21,29,17
부산,사하구,21-30세,138,3,205,49,138,18
부산,사하구,31-40세,190,2,256,74,167,15
부산,사하구,41-50세,225,0,309,86,191,32
부산,사하구,51-60세,337,3,479,131,311,37
부산,사하구,61-64세,77,2,101,38,60,3
부산,사하구,65세이상,98,3,172,50,91,31
부산,사하구,불명,40,0,43,14,21,8
부산,금정구,13-20세,45,0,60,6,39,15
부산,금정구,21-30세,126,1,176,50,85,41
부산,금정구,31-40세,138,0,196,56,113,27
부산,금정구,41-50세,199,1,250,91,124,35
부산,금정구,51-60세,251,3,335,105,177,53
부산,금정구,61-64세,68,0,91,28,51,12
부산,금정구,65세이상,100,1,149,55,77,17
부산,금정구,불명,57,0,61,10,33,18
부산,강서구,13-20세,16,2,20,13,3,4
부산,강서구,21-30세,68,5,94,38,45,11
부산,강서구,31-40세,126,6,190,83,98,9
부산,강서구,41-50세,153,6,256,91,139,26
부산,강서구,51-60세,176,7,301,114,166,21
부산,강서구,61-64세,37,1,73,34,37,2
부산,강서구,65세이상,45,1,80,38,39,3
부산,강서구,불명,9,0,11,6,2,3
부산,연제구,12세이하,3,0,4,2,0,2
부산,연제구,13-20세,41,0,55,19,33,3
부산,연제구,21-30세,84,3,109,37,65,7
부산,연제구,31-40세,105,2,131,46,79,6
부산,연제구,41-50세,149,0,185,70,101,14
부산,연제구,51-60세,174,2,213,76,127,10
부산,연제구,61-64세,52,0,67,22,39,6
부산,연제구,65세이상,55,0,72,30,38,4
부산,연제구,불명,15,0,15,1,11,3
부산,수영구,12세이하,1,0,1,1,0,0
부산,수영구,13-20세,52,2,66,19,36,11
부산,수영구,21-30세,133,1,182,58,104,20
부산,수영구,31-40세,125,2,165,53,100,12
부산,수영구,41-50세,129,2,166,52,102,12
부산,수영구,51-60세,175,1,238,62,156,20
부산,수영구,61-64세,42,0,48,20,26,2
부산,수영구,65세이상,77,2,100,40,53,7
부산,수영구,불명,22,0,23,2,17,4
부산,사상구,13-20세,44,0,62,15,27,20
부산,사상구,21-30세,124,1,187,56,110,21
부산,사상구,31-40세,136,2,228,75,126,27
부산,사상구,41-50세,207,2,346,90,220,36
부산,사상구,51-60세,266,4,404,107,263,34
부산,사상구,61-64세,62,1,91,32,51,8
부산,사상구,65세이상,89,1,124,37,76,11
부산,사상구,불명,27,0,28,5,19,4
부산,기장군,13-20세,20,1,27,5,19,3
부산,기장군,21-30세,50,2,84,26,45,13
부산,기장군,31-40세,85,1,152,34,103,15
부산,기장군,41-50세,110,3,171,41,113,17
부산,기장군,51-60세,112,3,195,54,127,14
부산,기장군,61-64세,27,1,51,12,31,8
부산,기장군,65세이상,46,0,79,27,51,1
부산,기장군,불명,9,0,9,2,4,3
경기,수원시,12세이하,14,0,17,4,9,4
경기,수원시,13-20세,229,2,289,68,175,46
경기,수원시,21-30세,761,3,1222,253,887,82
경기,수원시,31-40세,1023,8,1568,359,1127,82
경기,수원시,41-50세,1302,10,1926,423,1410,93
경기,수원시,51-60세,1225,8,1756,394,1264,98
경기,수원시,61-64세,243,3,355,73,253,29
경기,수원시,65세이상,302,5,436,100,314,22
경기,수원시,불명,134,0,141,19,98,24
경기,성남시,12세이하,9,0,9,4,2,3
경기,성남시,13-20세,127,2,159,58,82,19
경기,성남시,21-30세,509,6,801,203,538,60
경기,성남시,31-40세,673,8,992,279,634,79
경기,성남시,41-50세,877,12,1307,361,870,76
경기,성남시,51-60세,961,10,1602,452,1048,102
경기,성남시,61-64세,196,1,300,94,189,17
경기,성남시,65세이상,259,1,370,106,238,26
경기,성남시,불명,118,0,125,29,70,26
경기,의정부시,12세이하,6,0,7,4,1,2
경기,의정부시,13-20세,64,2,97,22,59,16
경기,의정부시,21-30세,209,2,319,73,213,33
경기,의정부시,31-40세,288,4,436,102,289,45
경기,의정부시,41-50세,418,2,603,128,418,57
경기,의정부시,51-60세,436,7,626,129,435,62
경기,의정부시,61-64세,82,2,124,24,88,12
경기,의정부시,65세이상,152,3,234,56,152,26
경기,의정부시,불명,47,0,51,8,33,10
경기,안양시,12세이하,9,0,11,5,4,2
경기,안양시,13-20세,77,0,96,25,57,14
경기,안양시,21-30세,263,1,381,104,254,23
경기,안양시,31-40세,333,2,475,117,332,26
경기,안양시,41-50세,511,6,785,179,559,47
경기,안양시,51-60세,595,9,870,214,628,28
경기,안양시,61-64세,133,3,214,52,148,14
경기,안양시,65세이상,159,2,233,65,158,10
경기,안양시,불명,52,0,59,10,28,21
경기,부천시,12세이하,9,0,9,0,6,3
경기,부천시,13-20세,199,1,266,72,144,50
경기,부천시,21-30세,469,4,687,155,481,51
경기,부천시,31-40세,508,7,728,152,538,38
경기,부천시,41-50세,716,7,1002,230,708,64
경기,부천시,51-60세,889,6,1222,278,856,88
경기,부천시,61-64세,197,4,286,68,197,21
경기,부천시,65세이상,254,9,383,93,263,27
경기,부천시,불명,121,0,140,19,90,31
경기,안산시,12세이하,12,0,12,3,8,1
경기,안산시,13-20세,200,0,256,50,182,24
경기,안산시,21-30세,609,11,954,190,724,40
경기,안산시,31-40세,731,11,1123,234,850,39
경기,안산시,41-50세,981,12,1448,315,1089,44
경기,안산시,51-60세,917,9,1449,315,1077,57
경기,안산시,61-64세,136,2,205,50,145,10
경기,안산시,65세이상,187,10,249,64,172,13
경기,안산시,불명,147,0,169,29,97,43
경기,평택시,12세이하,13,0,14,1,10,3
경기,평택시,13-20세,85,1,130,33,79,18
경기,평택시,21-30세,396,10,727,161,502,64
경기,평택시,31-40세,498,11,840,187,561,92
경기,평택시,41-50세,620,10,976,208,707,61
경기,평택시,51-60세,579,16,958,223,667,68
경기,평택시,61-64세,138,1,219,55,147,17
경기,평택시,65세이상,239,11,403,105,262,36
경기,평택시,불명,73,0,84,18,56,10
경기,광명시,12세이하,6,0,6,1,2,3
경기,광명시,13-20세,65,1,80,16,38,26
경기,광명시,21-30세,141,2,194,48,116,30
경기,광명시,31-40세,191,3,288,69,178,41
경기,광명시,41-50세,277,1,388,94,252,42
경기,광명시,51-60세,302,4,455,121,291,43
경기,광명시,61-64세,73,1,135,31,91,13
경기,광명시,65세이상,105,1,160,37,94,29
경기,광명시,불명,35,0,36,7,16,13
경기,구리시,12세이하,1,0,1,0,0,1
경기,구리시,13-20세,28,1,43,9,29,5
경기,구리시,21-30세,93,2,139,26,105,8
경기,구리시,31-40세,111,3,162,34,123,5
경기,구리시,41-50세,177,4,281,53,218,10
경기,구리시,51-60세,160,0,237,59,173,5
경기,구리시,61-64세,37,0,52,16,33,3
경기,구리시,65세이상,54,0,85,25,59,1
경기,구리시,불명,20,0,23,2,17,4
경기,양주시,12세이하,3,0,3,1,1,1
경기,양주시,13-20세,48,4,71,24,40,7
경기,양주시,21-30세,111,2,191,44,138,9
경기,양주시,31-40세,180,2,305,79,212,14
경기,양주시,41-50세,281,3,449,117,307,25
경기,양주시,51-60세,283,9,436,114,308,14
경기,양주시,61-64세,41,2,53,14,35,4
경기,양주시,65세이상,97,4,146,48,90,8
경기,양주시,불명,18,0,22,4,8,10
경기,여주시,12세이하,1,0,1,0,0,1
경기,여주시,13-20세,33,0,42,13,22,7
경기,여주시,21-30세,67,2,122,35,84,3
경기,여주시,31-40세,107,1,196,44,145,7
경기,여주시,41-50세,174,1,309,87,214,8
경기,여주시,51-60세,181,2,298,83,209,6
경기,여주시,61-64세,42,1,62,23,38,1
경기,여주시,65세이상,60,1,87,26,59,2
경기,여주시,불명,7,0,7,1,6,0
경기,화성시,12세이하,7,0,7,2,5,0
경기,화성시,13-20세,74,1,106,29,65,12
경기,화성시,21-30세,369,12,634,175,421,38
경기,화성시,31-40세,512,15,843,196,606,41
경기,화성시,41-50세,567,14,902,210,648,44
경기,화성시,51-60세,604,10,1053,304,697,52
경기,화성시,61-64세,142,4,219,51,162,6
경기,화성시,65세이상,152,3,229,67,157,5
경기,화성시,불명,74,0,84,14,51,19
경기,시흥시,12세이하,2,0,2,0,0,2
경기,시흥시,13-20세,68,2,101,22,61,18
경기,시흥시,21-30세,320,4,547,113,409,25
경기,시흥시,31-40세,439,2,693,154,496,43
경기,시흥시,41-50세,574,7,857,208,599,50
경기,시흥시,51-60세,588,8,939,233,663,43
경기,시흥시,61-64세,95,0,153,32,107,14
경기,시흥시,65세이상,145,3,223,48,158,17
경기,시흥시,불명,63,0,67,12,47,8
경기,파주시,12세이하,5,0,5,0,4,1
경기,파주시,13-20세,82,2,110,28,60,22
경기,파주시,21-30세,230,7,377,115,227,35
경기,파주시,31-40세,326,10,478,137,299,42
경기,파주시,41-50세,435,10,682,180,429,73
경기,파주시,51-60세,397,9,628,174,382,72
경기,파주시,61-64세,90,3,125,30,80,15
경기,파주시,65세이상,150,4,230,66,144,20
경기,파주시,불명,48,0,54,12,34,8
경기,고양시,12세이하,7,0,8,2,1,5
경기,고양시,13-20세,180,2,224,44,119,61
경기,고양시,21-30세,476,7,711,172,454,85
경기,고양시,31-40세,627,8,927,235,608,84
경기,고양시,41-50세,1005,22,1501,380,1027,94
경기,고양시,51-60세,1025,16,1537,399,1023,115
경기,고양시,61-64세,195,2,294,86,189,19
경기,고양시,65세이상,332,7,485,120,309,56
경기,고양시,불명,82,0,92,15,40,37
경기,광주시,13-20세,33,0,47,13,27,7
경기,광주시,21-30세,132,3,211,41,166,4
경기,광주시,31-40세,212,5,317,80,223,14
경기,광주시,41-50세,320,7,485,122,345,18
경기,광주시,51-60세,330,3,546,146,375,25
경기,광주시,61-64세,74,2,97,28,65,4
경기,광주시,65세이상,110,3,149,46,100,3
경기,광주시,불명,33,0,40,8,29,3
경기,연천군,13-20세,8,0,9,4,4,1
경기,연천군,21-30세,33,0,46,13,30,3
경기,연천군,31-40세,28,1,44,16,26,2
경기,연천군,41-50세,44,3,68,17,45,6
경기,연천군,51-60세,88,5,127,41,80,6
경기,연천군,61-64세,16,0,45,14,26,5
경기,연천군,65세이상,45,3,73,23,42,8
경기,연천군,불명,2,0,2,1,1,0
경기,포천시,12세이하,1,0,1,0,0,1
경기,포천시,13-20세,21,1,37,13,18,6
경기,포천시,21-30세,142,3,233,68,141,24
경기,포천시,31-40세,145,2,239,65,133,41
경기,포천시,41-50세,260,15,427,121,255,51
경기,포천시,51-60세,251,5,428,125,256,47
경기,포천시,61-64세,54,2,84,26,54,4
경기,포천시,65세이상,114,4,217,66,115,36
경기,가평군,12세이하,1,0,1,0,1,0
경기,가평군,13-20세,17,0,36,7,29,0
경기,가평군,21-30세,62,4,132,33,78,21
경기,가평군,31-40세,54,2,94,28,60,6
경기,가평군,41-50세,77,3,152,35,103,14
경기,가평군,51-60세,114,5,209,66,126,17
경기,가평군,61-64세,23,3,41,12,27,2
경기,가평군,65세이상,44,0,77,15,57,5
경기,가평군,불명,3,0,5,2,2,1
경기,양평군,12세이하,1,0,1,0,0,1
경기,양평군,13-20세,11,0,15,3,5,7
경기,양평군,21-30세,44,1,66,16,44,6
경기,양평군,31-40세,74,2,133,32,96,5
경기,양평군,41-50세,120,11,186,58,114,14
경기,양평군,51-60세,144,2,226,53,148,25
경기,양평군,61-64세,42,1,64,29,29,6
경기,양평군,65세이상,95,9,147,43,87,17
경기,양평군,불명,12,0,13,3,5,5
경기,이천시,12세이하,1,0,1,0,0,1
경기,이천시,13-20세,56,3,76,21,47,8
경기,이천시,21-30세,123,1,190,37,147,6
경기,이천시,31-40세,141,3,216,56,158,2
경기,이천시,41-50세,202,5,371,77,286,8
경기,이천시,51-60세,218,10,359,83,270,6
경기,이천시,61-64세,50,1,85,19,65,1
경기,이천시,65세이상,85,5,142,36,104,2
경기,이천시,불명,21,0,26,6,15,5
경기,용인시,12세이하,12,0,12,3,5,4
경기,용인시,13-20세,105,0,149,41,80,28
경기,용인시,21-30세,390,4,706,160,456,90
경기,용인시,31-40세,621,13,1111,292,689,130
경기,용인시,41-50세,754,14,1221,315,785,121
경기,용인시,51-60세,759,18,1302,331,849,122
경기,용인시,61-64세,147,2,231,44,164,23
경기,용인시,65세이상,262,4,413,115,252,46
경기,용인시,불명,82,0,95,10,59,26
경기,안성시,12세이하,1,0,1,1,0,0
경기,안성시,13-20세,30,0,35,11,22,2
경기,안성시,21-30세,164,5,316,96,181,39
경기,안성시,31-40세,180,3,349,87,245,17
경기,안성시,41-50세,243,6,445,124,299,22
경기,안성시,51-60세,235,8,436,133,256,47
경기,안성시,61-64세,53,4,95,27,66,2
경기,안성시,65세이상,111,7,176,60,96,20
경기,안성시,불명,33,0,39,4,30,5
경기,김포시,13-20세,47,0,69,25,36,8
경기,김포시,21-30세,167,8,290,75,177,38
경기,김포시,31-40세,294,5,502,143,292,67
경기,김포시,41-50세,400,4,600,151,408,41
경기,김포시,51-60세,423,7,725,165,513,47
경기,김포시,61-64세,110,4,159,50,97,12
경기,김포시,65세이상,153,3,229,57,157,15
경기,김포시,불명,27,0,28,6,13,9
경기,동두천시,12세이하,2,0,3,0,3,0
경기,동두천시,13-20세,24,0,34,6,26,2
경기,동두천시,21-30세,58,2,83,13,67,3
경기,동두천시,31-40세,78,3,102,29,63,10
경기,동두천시,41-50세,110,2,179,30,130,19
경기,동두천시,51-60세,128,3,211,37,142,32
경기,동두천시,61-64세,23,0,37,6,26,5
경기,동두천시,65세이상,57,0,90,17,64,9
경기,동두천시,불명,14,0,15,2,8,5
경기,과천시,13-20세,5,0,5,1,4,0
경기,과천시,21-30세,29,0,55,9,40,6
경기,과천시,31-40세,43,0,70,21,46,3
경기,과천시,41-50세,65,2,119,29,78,12
경기,과천시,51-60세,65,0,114,19,87,8
경기,과천시,61-64세,16,0,23,5,18,0
경기,과천시,65세이상,18,0,24,6,17,1
경기,과천시,불명,6,0,6,1,2,3
경기,군포시,12세이하,9,0,9,1,3,5
경기,군포시,13-20세,41,1,68,22,38,8
경기,군포시,21-30세,106,0,180,32,130,18
경기,군포시,31-40세,134,0,197,57,133,7
경기,군포시,41-50세,183,2,298,82,203,13
경기,군포시,51-60세,216,4,343,89,227,27
경기,군포시,61-64세,52,1,102,20,69,13
경기,군포시,65세이상,66,3,94,27,61,6
경기,군포시,불명,15,0,18,3,8,7
경기,남양주시,12세이하,7,0,8,1,7,0
경기,남양주시,13-20세,70,3,101,40,52,9
경기,남양주시,21-30세,258,7,435,121,284,30
경기,남양주시,31-40세,389,5,610,143,439,28
경기,남양주시,41-50세,545,9,837,202,594,41
경기,남양주시,51-60세,506,6,829,214,592,23
경기,남양주시,61-64세,123,4,184,41,138,5
경기,남양주시,65세이상,177,4,262,80,161,21
경기,남양주시,불명,49,0,54,10,36,8
경기,오산시,13-20세,42,0,51,23,18,10
경기,오산시,21-30세,118,1,181,66,92,23
경기,오산시,31-40세,200,2,291,112,158,21
경기,오산시,41-50세,193,0,309,104,191,14
경기,오산시,51-60세,185,3,298,100,174,24
경기,오산시,61-64세,32,0,57,21,30,6
경기,오산시,65세이상,45,1,51,23,27,1
경기,오산시,불명,23,0,24,4,11,9
경기,의왕시,12세이하,1,0,1,0,1,0
경기,의왕시,13-20세,10,0,13,3,9,1
경기,의왕시,21-30세,80,2,131,37,89,5
경기,의왕시,31-40세,138,2,235,47,175,13
경기,의왕시,41-50세,152,1,241,61,175,5
경기,의왕시,51-60세,171,1,294,67,223,4
경기,의왕시,61-64세,27,0,34,5,26,3
경기,의왕시,65세이상,44,0,59,20,36,3
경기,의왕시,불명,16,0,17,3,11,3
경기,하남시,12세이하,4,0,4,3,0,1
경기,하남시,13-20세,38,0,48,8,25,15
경기,하남시,21-30세,90,3,132,33,79,20
경기,하남시,31-40세,127,2,208,48,128,32
경기,하남시,41-50세,195,6,310,81,206,23
경기,하남시,51-60세,224,5,341,91,211,39
경기,하남시,61-64세,57,2,93,19,67,7
경기,하남시,65세이상,87,3,126,34,79,13
경기,하남시,불명,18,0,18,4,4,10
강원,춘천시,12세이하,4,0,4,1,0,3
강원,춘천시,13-20세,58,2,83,22,58,3
강원,춘천시,21-30세,235,5,401,72,312,17
강원,춘천시,31-40세,267,0,445,73,349,23
강원,춘천시,41-50세,407,8,622,121,465,36
강원,춘천시,51-60세,456,10,736,135,561,40
강원,춘천시,61-64세,91,1,144,35,98,11
강원,춘천시,65세이상,210,6,351,70,251,30
강원,춘천시,불명,48,0,51,8,35,8
강원,원주시,12세이하,2,0,2,1,1,0
강원,원주시,13-20세,84,4,139,31,103,5
강원,원주시,21-30세,320,5,567,120,438,9
강원,원주시,31-40세,414,4,698,161,521,16
강원,원주시,41-50세,564,9,954,184,752,18
강원,원주시,51-60세,584,1,975,203,754,18
강원,원주시,61-64세,116,2,211,53,152,6
강원,원주시,65세이상,203,9,350,72,271,7
강원,원주시,불명,76,0,85,8,42,35
강원,동해시,12세이하,1,0,1,1,0,0
강원,동해시,13-20세,24,1,33,8,20,5
강원,동해시,21-30세,56,3,80,20,60,0
강원,동해시,31-40세,77,2,126,22,101,3
강원,동해시,41-50세,139,2,219,32,181,6
강원,동해시,51-60세,152,2,243,61,180,2
강원,동해시,61-64세,40,1,74,15,59,0
강원,동해시,65세이상,74,2,122,26,93,3
강원,동해시,불명,6,0,6,1,3,2
강원,강릉시,12세이하,3,0,3,1,2,0
강원,강릉시,13-20세,41,1,56,19,32,5
강원,강릉시,21-30세,145,5,252,55,189,8
강원,강릉시,31-40세,169,3,232,45,187,0
강원,강릉시,41-50세,259,4,392,72,306,14
강원,강릉시,51-60세,259,3,436,77,355,4
강원,강릉시,61-64세,69,0,102,19,79,4
강원,강릉시,65세이상,132,5,196,23,166,7
강원,강릉시,불명,19,0,21,3,17,1
강원,속초시,12세이하,3,0,3,1,1,1
강원,속초시,13-20세,12,1,22,9,13,0
강원,속초시,21-30세,59,4,105,14,90,1
강원,속초시,31-40세,79,1,130,25,102,3
강원,속초시,41-50세,140,0,240,55,178,7
강원,속초시,51-60세,144,2,252,37,190,25
강원,속초시,61-64세,27,0,44,12,30,2
강원,속초시,65세이상,55,0,100,21,73,6
강원,태백시,13-20세,2,0,4,0,0,4
강원,태백시,21-30세,13,0,22,1,11,10
강원,태백시,31-40세,32,1,52,12,26,14
강원,태백시,41-50세,68,5,115,29,69,17
강원,태백시,51-60세,65,2,108,20,68,20
강원,태백시,61-64세,30,2,46,9,27,10
강원,태백시,65세이상,38,2,57,10,35,12
강원,태백시,불명,3,0,3,0,1,2
강원,삼척시,12세이하,2,0,2,0,1,1
강원,삼척시,13-20세,8,0,13,1,10,2
강원,삼척시,21-30세,39,0,62,19,42,1
강원,삼척시,31-40세,62,1,98,22,75,1
강원,삼척시,41-50세,99,2,179,44,135,0
강원,삼척시,51-60세,106,3,181,55,120,6
강원,삼척시,61-64세,29,2,42,15,27,0
강원,삼척시,65세이상,64,0,128,36,90,2
강원,삼척시,불명,3,0,4,0,3,1
강원,홍천군,13-20세,11,0,20,5,14,1
강원,홍천군,21-30세,32,2,56,16,38,2
강원,홍천군,31-40세,38,1,54,16,36,2
강원,홍천군,41-50세,77,1,108,38,69,1
강원,홍천군,51-60세,80,4,127,30,93,4
강원,홍천군,61-64세,29,3,50,21,29,0
강원,홍천군,65세이상,44,4,65,24,40,1
강원,홍천군,불명,2,0,4,0,3,1
강원,횡성군,13-20세,5,0,27,4,23,0
강원,횡성군,21-30세,26,0,45,12,32,1
강원,횡성군,31-40세,30,1,56,18,37,1
강원,횡성군,41-50세,52,2,144,47,95,2
강원,횡성군,51-60세,80,6,143,45,98,0
강원,횡성군,61-64세,15,1,39,14,24,1
강원,횡성군,65세이상,35,4,59,29,30,0
강원,횡성군,불명,1,0,1,0,0,1
강원,영월군,13-20세,3,0,6,1,1,4
강원,영월군,21-30세,10,1,18,9,7,2
강원,영월군,31-40세,20,0,45,24,17,4
강원,영월군,41-50세,35,2,52,20,22,10
강원,영월군,51-60세,42,4,91,32,45,14
강원,영월군,61-64세,12,0,22,7,9,6
강원,영월군,65세이상,25,3,37,19,10,8
강원,평창군,13-20세,3,0,6,1,5,0
강원,평창군,21-30세,28,0,65,17,40,8
강원,평창군,31-40세,48,3,124,25,92,7
강원,평창군,41-50세,50,1,97,37,55,5
강원,평창군,51-60세,67,7,129,41,78,10
강원,평창군,61-64세,13,1,18,8,9,1
강원,평창군,65세이상,19,1,31,12,18,1
강원,평창군,불명,1,0,4,2,2,0
강원,정선군,13-20세,2,0,5,1,3,1
강원,정선군,21-30세,12,1,19,6,12,1
강원,정선군,31-40세,28,0,37,10,23,4
강원,정선군,41-50세,43,2,77,26,50,1
강원,정선군,51-60세,60,2,115,29,75,11
강원,정선군,61-64세,11,4,17,7,10,0
강원,정선군,65세이상,23,1,42,15,26,1
강원,정선군,불명,5,0,5,0,4,1
강원,철원군,13-20세,8,0,12,3,9,0
강원,철원군,21-30세,26,1,46,13,33,0
강원,철원군,31-40세,27,2,36,13,21,2
강원,철원군,41-50세,35,1,47,14,31,2
강원,철원군,51-60세,46,2,71,23,48,0
강원,철원군,61-64세,12,0,24,7,16,1
강원,철원군,65세이상,33,2,54,23,30,1
강원,철원군,불명,2,0,2,1,1,0
강원,화천군,21-30세,15,0,35,6,25,4
강원,화천군,31-40세,8,0,10,3,7,0
강원,화천군,41-50세,16,1,24,4,20,0
강원,화천군,51-60세,12,1,22,3,13,6
강원,화천군,61-64세,9,0,16,2,13,1
강원,화천군,65세이상,8,1,10,1,9,0
강원,양구군,13-20세,1,0,1,0,0,1
강원,양구군,21-30세,12,2,18,10,7,1
강원,양구군,31-40세,13,0,26,3,20,3
강원,양구군,41-50세,18,0,26,8,15,3
강원,양구군,51-60세,23,4,41,19,14,8
강원,양구군,61-64세,5,1,8,3,2,3
강원,양구군,65세이상,10,0,14,6,8,0
강원,양구군,불명,1,0,1,1,0,0
강원,인제군,13-20세,5,1,14,5,8,1
강원,인제군,21-30세,14,0,22,8,13,1
강원,인제군,31-40세,19,6,47,16,26,5
강원,인제군,41-50세,23,1,40,16,20,4
강원,인제군,51-60세,32,1,69,27,40,2
강원,인제군,61-64세,6,2,12,7,5,0
강원,인제군,65세이상,17,2,53,20,31,2
강원,인제군,불명,1,0,1,1,0,0
강원,고성군,13-20세,2,0,3,2,1,0
강원,고성군,21-30세,15,0,34,4,30,0
강원,고성군,31-40세,24,2,44,16,25,3
강원,고성군,41-50세,43,1,74,23,51,0
강원,고성군,51-60세,43,0,124,22,101,1
강원,고성군,61-64세,15,0,26,8,18,0
강원,고성군,65세이상,32,5,49,15,34,0
강원,양양군,12세이하,1,0,1,0,1,0
강원,양양군,13-20세,2,0,2,2,0,0
강원,양양군,21-30세,18,0,44,10,34,0
강원,양양군,31-40세,21,1,44,9,31,4
강원,양양군,41-50세,34,3,73,20,51,2
강원,양양군,51-60세,46,4,91,29,61,1
강원,양양군,61-64세,16,0,29,7,22,0
강원,양양군,65세이상,40,2,63,18,44,1
충북,청주시,12세이하,5,0,5,1,3,1
충북,청주시,13-20세,164,1,233,59,154,20
충북,청주시,21-30세,782,14,1302,307,972,23
충북,청주시,31-40세,910,14,1498,344,1132,22
충북,청주시,41-50세,1129,22,1748,439,1284,25
충북,청주시,51-60세,1233,18,1970,497,1451,22
충북,청주시,61-64세,248,2,377,98,275,4
충북,청주시,65세이상,386,8,588,161,400,27
충북,청주시,불명,109,0,127,22,97,8
충북,충주시,12세이하,2,0,2,1,0,1
충북,충주시,13-20세,73,1,98,16,53,29
충북,충주시,21-30세,149,3,239,74,142,23
충북,충주시,31-40세,195,2,328,96,202,30
충북,충주시,41-50세,307,7,518,133,336,49
충북,충주시,51-60세,333,5,518,165,304,49
충북,충주시,61-64세,70,2,126,37,77,12
충북,충주시,65세이상,172,20,260,80,134,46
충북,충주시,불명,31,0,36,10,24,2
충북,제천시,12세이하,3,1,2,1,1,0
충북,제천시,13-20세,35,1,42,11,29,2
충북,제천시,21-30세,107,0,173,61,105,7
충북,제천시,31-40세,131,1,216,56,154,6
충북,제천시,41-50세,201,1,364,118,233,13
충북,제천시,51-60세,221,1,356,115,236,5
충북,제천시,61-64세,66,1,106,27,77,2
충북,제천시,65세이상,106,3,179,52,119,8
충북,제천시,불명,17,0,18,10,6,2
충북,보은군,12세이하,1,0,1,0,1,0
충북,보은군,13-20세,4,0,5,2,3,0
충북,보은군,21-30세,13,1,20,8,11,1
충북,보은군,31-40세,17,2,29,12,17,0
충북,보은군,41-50세,27,3,51,15,35,1
충북,보은군,51-60세,37,4,53,19,29,5
충북,보은군,61-64세,8,0,20,9,11,0
충북,보은군,65세이상,24,2,37,19,18,0
충북,보은군,불명,2,0,2,1,1,0
충북,옥천군,13-20세,3,0,7,1,5,1
충북,옥천군,21-30세,23,0,37,15,19,3
충북,옥천군,31-40세,23,1,34,8,22,4
충북,옥천군,41-50세,51,3,130,50,77,3
충북,옥천군,51-60세,76,6,121,36,83,2
충북,옥천군,61-64세,15,0,27,6,18,3
충북,옥천군,65세이상,49,4,67,35,28,4
충북,옥천군,불명,3,0,3,2,1,0
충북,영동군,13-20세,5,0,7,4,2,1
충북,영동군,21-30세,15,1,20,11,9,0
충북,영동군,31-40세,22,0,42,22,19,1
충북,영동군,41-50세,43,4,63,32,30,1
충북,영동군,51-60세,53,2,87,34,51,2
충북,영동군,61-64세,13,0,28,13,14,1
충북,영동군,65세이상,37,3,45,20,23,2
충북,영동군,불명,2,0,2,0,1,1
충북,진천군,12세이하,2,0,2,0,2,0
충북,진천군,13-20세,16,0,24,6,17,1
충북,진천군,21-30세,57,0,85,26,56,3
충북,진천군,31-40세,86,2,134,46,87,1
충북,진천군,41-50세,117,4,174,44,129,1
충북,진천군,51-60세,94,2,166,46,118,2
충북,진천군,61-64세,16,0,44,6,38,0
충북,진천군,65세이상,51,1,77,24,51,2
충북,진천군,불명,11,0,13,4,9,0
충북,괴산군,13-20세,3,0,10,2,7,1
충북,괴산군,21-30세,22,1,43,12,26,5
충북,괴산군,31-40세,20,0,36,15,20,1
충북,괴산군,41-50세,43,3,75,25,40,10
충북,괴산군,51-60세,47,5,69,30,35,4
충북,괴산군,61-64세,10,0,16,8,6,2
충북,괴산군,65세이상,32,6,54,18,29,7
충북,괴산군,불명,3,0,6,2,4,0
충북,음성군,13-20세,19,2,28,9,16,3
충북,음성군,21-30세,60,4,106,46,54,6
충북,음성군,31-40세,98,3,159,54,98,7
충북,음성군,41-50세,149,7,242,90,146,6
충북,음성군,51-60세,138,8,227,83,139,5
충북,음성군,61-64세,35,1,62,25,33,4
충북,음성군,65세이상,65,8,100,32,60,8
충북,음성군,불명,19,0,37,5,27,5
충북,단양군,13-20세,4,0,9,4,5,0
충북,단양군,21-30세,12,0,25,9,16,0
충북,단양군,31-40세,20,1,35,14,21,0
충북,단양군,41-50세,38,3,51,25,25,1
충북,단양군,51-60세,43,1,64,23,40,1
충북,단양군,61-64세,11,3,24,9,15,0
충북,단양군,65세이상,27,2,35,12,23,0
충북,단양군,불명,3,0,3,0,2,1
충북,증평군,13-20세,11,0,23,8,12,3
충북,증평군,21-30세,25,0,33,13,15,5
충북,증평군,31-40세,27,1,43,14,26,3
충북,증평군,41-50세,50,2,78,21,52,5
충북,증평군,51-60세,49,1,73,21,49,3
충북,증평군,61-64세,16,1,27,6,18,3
충북,증평군,65세이상,32,2,45,14,24,7
충북,증평군,불명,3,0,3,1,2,0
충남,천안시,12세이하,8,0,9,1,4,4
충남,천안시,13-20세,82,2,116,27,78,11
충남,천안시,21-30세,464,4,695,175,495,25
충남,천안시,31-40세,507,9,781,160,588,33
충남,천안시,41-50세,613,19,909,231,654,24
충남,천안시,51-60세,529,11,794,197,569,28
충남,천안시,61-64세,117,2,190,48,134,8
충남,천안시,65세이상,147,10,231,64,156,11
충남,천안시,불명,58,0,66,12,41,13
충남,아산시,12세이하,2,0,2,0,2,0
충남,아산시,13-20세,36,1,47,23,23,1
충남,아산시,21-30세,208,10,329,115,210,4
충남,아산시,31-40세,249,3,357,107,245,5
충남,아산시,41-50세,269,5,409,122,279,8
충남,아산시,51-60세,258,16,393,119,264,10
충남,아산시,61-64세,45,0,91,28,61,2
충남,아산시,65세이상,81,5,106,48,56,2
충남,아산시,불명,23,0,26,2,21,3
충남,보령시,13-20세,25,0,46,10,32,4
충남,보령시,21-30세,65,1,95,30,63,2
충남,보령시,31-40세,89,4,135,52,79,4
충남,보령시,41-50세,125,4,198,72,122,4
충남,보령시,51-60세,132,9,215,85,126,4
충남,보령시,61-64세,44,1,65,22,41,2
충남,보령시,65세이상,89,7,130,55,69,6
충남,보령시,불명,13,0,15,4,8,3
충남,공주시,13-20세,27,1,40,13,23,4
충남,공주시,21-30세,59,3,101,33,63,5
충남,공주시,31-40세,68,1,149,59,87,3
충남,공주시,41-50세,113,7,199,58,133,8
충남,공주시,51-60세,109,4,189,90,90,9
충남,공주시,61-64세,30,0,50,24,26,0
충남,공주시,65세이상,56,5,68,28,34,6
충남,공주시,불명,7,0,10,5,5,0
충남,서산시,12세이하,2,0,2,1,1,0
충남,서산시,13-20세,27,0,35,8,21,6
충남,서산시,21-30세,94,5,166,47,114,5
충남,서산시,31-40세,116,3,186,72,108,6
충남,서산시,41-50세,173,7,242,99,137,6
충남,서산시,51-60세,148,13,232,110,110,12
충남,서산시,61-64세,47,2,65,32,29,4
충남,서산시,65세이상,82,7,116,45,64,7
충남,서산시,불명,10,0,12,3,6,3
충남,금산군,13-20세,2,0,5,0,5,0
충남,금산군,21-30세,25,0,37,8,26,3
충남,금산군,31-40세,26,3,47,13,31,3
충남,금산군,41-50세,66,4,112,38,71,3
충남,금산군,51-60세,58,3,95,29,64,2
충남,금산군,61-64세,17,1,28,13,15,0
충남,금산군,65세이상,44,5,68,31,36,1
충남,금산군,불명,1,0,1,1,0,0
충남,태안군,12세이하,1,0,1,0,1,0
충남,태안군,13-20세,11,2,28,9,19,0
충남,태안군,21-30세,26,1,46,22,23,1
충남,태안군,31-40세,46,1,73,41,28,4
충남,태안군,41-50세,79,4,121,52,67,2
충남,태안군,51-60세,87,9,130,58,69,3
충남,태안군,61-64세,20,0,32,13,19,0
충남,태안군,65세이상,55,4,77,43,33,1
충남,태안군,불명,1,0,1,0,1,0
충남,논산시,12세이하,2,0,2,0,2,0
충남,논산시,13-20세,23,0,31,8,21,2
충남,논산시,21-30세,75,2,124,52,71,1
충남,논산시,31-40세,85,6,138,64,74,0
충남,논산시,41-50세,104,7,178,87,91,0
충남,논산시,51-60세,142,11,226,107,117,2
충남,논산시,61-64세,35,2,59,17,41,1
충남,논산시,65세이상,103,5,148,49,97,2
충남,논산시,불명,13,0,13,3,10,0
충남,부여군,12세이하,2,0,2,0,1,1
충남,부여군,13-20세,7,1,8,3,5,0
충남,부여군,21-30세,32,2,42,17,24,1
충남,부여군,31-40세,36,4,53,27,24,2
충남,부여군,41-50세,71,4,108,52,55,1
충남,부여군,51-60세,87,6,137,68,69,0
충남,부여군,61-64세,23,0,39,26,13,0
충남,부여군,65세이상,61,2,84,46,38,0
충남,부여군,불명,7,0,7,2,5,0
충남,서천군,13-20세,4,0,4,3,1,0
충남,서천군,21-30세,25,0,46,23,23,0
충남,서천군,31-40세,39,4,66,16,45,5
충남,서천군,41-50세,66,2,112,41,67,4
충남,서천군,51-60세,95,6,158,66,89,3
충남,서천군,61-64세,34,0,54,13,40,1
충남,서천군,65세이상,84,5,129,56,69,4
충남,서천군,불명,3,0,3,0,3,0
충남,청양군,13-20세,6,0,22,4,12,6
충남,청양군,21-30세,29,2,52,17,35,0
충남,청양군,31-40세,33,2,48,19,28,1
충남,청양군,41-50세,45,2,64,21,40,3
충남,청양군,51-60세,56,3,92,33,57,2
충남,청양군,61-64세,18,0,25,11,13,1
충남,청양군,65세이상,48,2,81,27,47,7
충남,청양군,불명,1,0,1,0,1,0
충남,홍성군,13-20세,11,1,12,1,11,0
충남,홍성군,21-30세,51,4,75,16,56,3
충남,홍성군,31-40세,63,3,95,17,77,1
충남,홍성군,41-50세,116,1,172,46,124,2
충남,홍성군,51-60세,129,1,209,72,136,1
충남,홍성군,61-64세,33,3,37,14,23,0
충남,홍성군,65세이상,69,10,95,33,61,1
충남,홍성군,불명,8,0,9,3,6,0
충남,예산군,12세이하,2,0,2,0,2,0
충남,예산군,13-20세,13,0,23,4,19,0
충남,예산군,21-30세,51,6,95,35,58,2
충남,예산군,31-40세,64,4,102,33,66,3
충남,예산군,41-50세,111,8,190,85,103,2
충남,예산군,51-60세,104,6,183,58,118,7
충남,예산군,61-64세,41,2,74,28,46,0
충남,예산군,65세이상,75,1,124,57,62,5
충남,예산군,불명,3,0,4,1,2,1
충남,당진시,12세이하,1,0,1,0,1,0
충남,당진시,13-20세,22,1,31,9,22,0
충남,당진시,21-30세,129,3,215,48,157,10
충남,당진시,31-40세,157,4,218,51,160,7
충남,당진시,41-50세,213,7,334,88,239,7
충남,당진시,51-60세,191,12,272,74,197,1
충남,당진시,61-64세,44,2,64,17,47,0
충남,당진시,65세이상,107,2,154,41,112,1
충남,당진시,불명,25,0,26,5,13,8
충남,계룡시,13-20세,1,0,1,0,1,0
충남,계룡시,21-30세,7,1,8,3,5,0
충남,계룡시,31-40세,12,0,18,5,13,0
충남,계룡시,41-50세,27,1,40,15,24,1
충남,계룡시,51-60세,19,1,35,5,30,0
충남,계룡시,61-64세,9,0,17,5,12,0
충남,계룡시,65세이상,6,0,7,3,4,0
충남,계룡시,불명,2,0,3,1,2,0
전북,전주시,12세이하,4,0,4,0,3,1
전북,전주시,13-20세,94,3,155,38,113,4
전북,전주시,21-30세,377,11,620,133,486,1
전북,전주시,31-40세,396,7,628,139,484,5
전북,전주시,41-50세,578,9,925,205,718,2
전북,전주시,51-60세,620,16,992,178,804,10
전북,전주시,61-64세,152,4,243,40,202,1
전북,전주시,65세이상,253,11,402,102,299,1
전북,전주시,불명,58,0,67,14,53,0
전북,군산시,12세이하,2,0,2,0,2,0
전북,군산시,13-20세,52,1,86,18,57,11
전북,군산시,21-30세,236,5,416,72,334,10
전북,군산시,31-40세,309,6,499,73,395,31
전북,군산시,41-50세,378,6,615,121,469,25
전북,군산시,51-60세,439,8,639,102,501,36
전북,군산시,61-64세,117,1,184,36,142,6
전북,군산시,65세이상,234,8,353,80,257,16
전북,군산시,불명,26,0,27,7,18,2
전북,정읍시,12세이하,3,0,3,0,2,1
전북,정읍시,13-20세,28,0,31,9,18,4
전북,정읍시,21-30세,51,1,85,23,61,1
전북,정읍시,31-40세,75,2,115,30,83,2
전북,정읍시,41-50세,109,5,181,44,136,1
전북,정읍시,51-60세,147,3,206,53,150,3
전북,정읍시,61-64세,38,4,74,20,54,0
전북,정읍시,65세이상,111,9,144,46,96,2
전북,정읍시,불명,6,0,8,1,6,1
전북,남원시,12세이하,1,0,1,1,0,0
전북,남원시,13-20세,9,0,9,2,7,0
전북,남원시,21-30세,35,0,58,14,44,0
전북,남원시,31-40세,45,2,57,22,35,0
전북,남원시,41-50세,95,3,137,58,79,0
전북,남원시,51-60세,87,3,127,35,92,0
전북,남원시,61-64세,28,2,41,17,24,0
전북,남원시,65세이상,56,10,78,27,51,0
전북,남원시,불명,2,0,2,0,2,0
전북,김제시,13-20세,18,1,35,10,25,0
전북,김제시,21-30세,58,0,94,28,66,0
전북,김제시,31-40세,71,8,120,37,83,0
전북,김제시,41-50세,96,6,158,51,107,0
전북,김제시,51-60세,158,5,272,73,199,0
전북,김제시,61-64세,45,3,59,21,38,0
전북,김제시,65세이상,79,6,117,35,80,2
전북,김제시,불명,2,0,3,1,2,0
전북,완주군,13-20세,13,1,19,9,9,1
전북,완주군,21-30세,44,6,82,18,64,0
전북,완주군,31-40세,53,2,100,23,77,0
전북,완주군,41-50세,96,5,158,36,118,4
전북,완주군,51-60세,98,3,190,54,134,2
전북,완주군,61-64세,26,2,50,13,37,0
전북,완주군,65세이상,61,4,108,33,73,2
전북,완주군,불명,5,0,6,2,4,0
전북,진안군,12세이하,1,0,1,1,0,0
전북,진안군,13-20세,2,0,4,0,4,0
전북,진안군,21-30세,7,0,11,4,7,0
전북,진안군,31-40세,12,0,17,2,15,0
전북,진안군,41-50세,26,4,39,16,22,1
전북,진안군,51-60세,25,3,36,15,21,0
전북,진안군,61-64세,1,0,3,0,3,0
전북,진안군,65세이상,27,1,46,22,21,3
전북,무주군,13-20세,1,0,1,1,0,0
전북,무주군,21-30세,6,0,20,8,12,0
전북,무주군,31-40세,17,0,27,9,17,1
전북,무주군,41-50세,15,5,22,10,12,0
전북,무주군,51-60세,17,0,36,20,16,0
전북,무주군,61-64세,5,0,7,3,3,1
전북,무주군,65세이상,14,3,18,11,7,0
전북,장수군,13-20세,3,0,8,3,5,0
전북,장수군,21-30세,5,0,8,2,6,0
전북,장수군,31-40세,11,3,15,8,7,0
전북,장수군,41-50세,19,1,25,11,13,1
전북,장수군,51-60세,21,0,51,19,32,0
전북,장수군,61-64세,6,0,8,2,5,1
전북,장수군,65세이상,9,0,16,6,10,0
전북,임실군,13-20세,3,0,8,7,1,0
전북,임실군,21-30세,12,3,18,3,13,2
전북,임실군,31-40세,11,2,16,4,12,0
전북,임실군,41-50세,26,1,49,8,40,1
전북,임실군,51-60세,41,2,74,24,50,0
전북,임실군,61-64세,8,1,9,4,5,0
전북,임실군,65세이상,29,3,43,22,20,1
전북,임실군,불명,2,0,4,3,1,0
전북,순창군,13-20세,4,2,6,4,2,0
전북,순창군,21-30세,7,0,7,4,3,0
전북,순창군,31-40세,15,1,19,11,8,0
전북,순창군,41-50세,29,1,47,17,29,1
전북,순창군,51-60세,37,2,54,19,34,1
전북,순창군,61-64세,12,0,17,8,9,0
전북,순창군,65세이상,42,5,62,13,46,3
전북,고창군,13-20세,1,0,1,1,0,0
전북,고창군,21-30세,13,0,25,7,18,0
전북,고창군,31-40세,26,4,35,20,15,0
전북,고창군,41-50세,53,6,100,37,62,1
전북,고창군,51-60세,52,3,84,35,43,6
전북,고창군,61-64세,20,0,28,12,16,0
전북,고창군,65세이상,49,8,72,39,31,2
전북,고창군,불명,3,0,3,2,1,0
전북,부안군,12세이하,2,0,2,0,1,1
전북,부안군,13-20세,9,0,13,5,7,1
전북,부안군,21-30세,33,0,62,18,39,5
전북,부안군,31-40세,52,2,97,28,66,3
전북,부안군,41-50세,70,3,110,32,59,19
전북,부안군,51-60세,83,5,146,58,87,1
전북,부안군,61-64세,28,1,53,16,33,4
전북,부안군,65세이상,101,7,178,67,107,4
전북,부안군,불명,3,0,3,0,2,1
전북,익산시,13-20세,33,0,51,6,45,0
전북,익산시,21-30세,214,5,354,70,276,8
전북,익산시,31-40세,272,9,417,79,332,6
전북,익산시,41-50세,368,9,576,97,470,9
전북,익산시,51-60세,392,6,622,132,485,5
전북,익산시,61-64세,81,1,123,26,97,0
전북,익산시,65세이상,181,4,255,65,188,2
전북,익산시,불명,32,0,42,11,30,1
전남,목포시,12세이하,5,0,5,1,4,0
전남,목포시,13-20세,83,0,132,26,101,5
전남,목포시,21-30세,219,3,388,56,326,6
전남,목포시,31-40세,291,4,485,78,396,11
전남,목포시,41-50세,335,8,540,67,468,5
전남,목포시,51-60세,345,2,602,88,506,8
전남,목포시,61-64세,84,1,138,19,117,2
전남,목포시,65세이상,161,3,273,47,220,6
전남,목포시,불명,72,0,87,7,64,16
전남,여수시,12세이하,2,0,2,1,0,1
전남,여수시,13-20세,40,0,57,16,40,1
전남,여수시,21-30세,191,9,333,68,262,3
전남,여수시,31-40세,238,9,388,76,308,4
전남,여수시,41-50세,311,11,472,111,358,3
전남,여수시,51-60세,330,9,524,105,415,4
전남,여수시,61-64세,106,5,151,34,116,1
전남,여수시,65세이상,138,6,209,50,157,2
전남,여수시,불명,26,0,28,3,20,5
전남,순천시,12세이하,2,0,2,1,1,0
전남,순천시,13-20세,55,0,78,14,59,5
전남,순천시,21-30세,177,5,295,65,219,11
전남,순천시,31-40세,248,10,417,90,312,15
전남,순천시,41-50세,316,7,497,140,344,13
전남,순천시,51-60세,373,8,560,130,398,32
전남,순천시,61-64세,88,5,129,41,84,4
전남,순천시,65세이상,162,6,250,85,150,15
전남,순천시,불명,33,0,36,7,23,6
전남,나주시,13-20세,17,1,32,5,25,2
전남,나주시,21-30세,66,5,132,26,99,7
전남,나주시,31-40세,98,4,178,27,135,16
전남,나주시,41-50세,137,4,218,36,169,13
전남,나주시,51-60세,153,5,272,56,191,25
전남,나주시,61-64세,48,3,79,26,49,4
전남,나주시,65세이상,105,8,163,37,115,11
전남,나주시,불명,15,0,17,2,11,4
전남,광양시,12세이하,2,0,2,0,2,0
전남,광양시,13-20세,23,3,39,7,29,3
전남,광양시,21-30세,96,3,165,34,124,7
전남,광양시,31-40세,149,3,245,48,184,13
전남,광양시,41-50세,227,8,376,71,288,17
전남,광양시,51-60세,210,5,334,59,261,14
전남,광양시,61-64세,58,0,90,25,63,2
전남,광양시,65세이상,87,3,118,37,70,11
전남,광양시,불명,15,0,18,3,13,2
전남,담양군,13-20세,7,0,15,1,14,0
전남,담양군,21-30세,36,4,71,9,62,0
전남,담양군,31-40세,54,1,82,11,70,1
전남,담양군,41-50세,64,0,123,16,104,3
전남,담양군,51-60세,86,8,146,18,124,4
전남,담양군,61-64세,31,2,59,10,49,0
전남,담양군,65세이상,78,5,148,27,119,2
전남,담양군,불명,4,0,4,0,2,2
전남,곡성군,13-20세,2,0,4,1,3,0
전남,곡성군,21-30세,13,1,22,1,20,1
전남,곡성군,31-40세,18,2,28,5,23,0
전남,곡성군,41-50세,24,0,54,18,35,1
전남,곡성군,51-60세,38,1,53,19,34,0
전남,곡성군,61-64세,9,0,18,4,14,0
전남,곡성군,65세이상,32,0,50,15,35,0
전남,구례군,13-20세,1,0,2,1,1,0
전남,구례군,21-30세,13,1,14,5,7,2
전남,구례군,31-40세,13,1,15,5,7,3
전남,구례군,41-50세,24,2,24,9,12,3
전남,구례군,51-60세,50,3,85,24,57,4
전남,구례군,61-64세,13,1,26,7,19,0
전남,구례군,65세이상,31,2,47,11,30,6
전남,구례군,불명,1,0,1,0,1,0
전남,고흥군,12세이하,1,0,1,1,0,0
전남,고흥군,13-20세,5,0,7,1,6,0
전남,고흥군,21-30세,23,1,43,15,27,1
전남,고흥군,31-40세,33,3,47,15,31,1
전남,고흥군,41-50세,64,5,93,28,59,6
전남,고흥군,51-60세,100,4,159,61,96,2
전남,고흥군,61-64세,30,3,46,22,23,1
전남,고흥군,65세이상,60,3,93,37,53,3
전남,고흥군,불명,1,0,1,0,1,0
전남,보성군,13-20세,3,0,4,3,1,0
전남,보성군,21-30세,26,2,46,12,29,5
전남,보성군,31-40세,31,1,53,12,40,1
전남,보성군,41-50세,48,2,80,28,49,3
전남,보성군,51-60세,58,2,108,34,70,4
전남,보성군,61-64세,31,1,61,10,49,2
전남,보성군,65세이상,55,4,86,26,55,5
전남,화순군,12세이하,2,0,2,0,2,0
전남,화순군,13-20세,18,0,31,4,23,4
전남,화순군,21-30세,29,0,53,6,43,4
전남,화순군,31-40세,47,1,86,15,66,5
전남,화순군,41-50세,93,1,170,41,114,15
전남,화순군,51-60세,84,3,162,32,119,11
전남,화순군,61-64세,18,1,33,6,26,1
전남,화순군,65세이상,57,6,88,10,70,8
전남,화순군,불명,5,0,5,0,2,3
전남,장흥군,13-20세,4,0,6,3,3,0
전남,장흥군,21-30세,17,1,28,12,16,0
전남,장흥군,31-40세,33,2,45,12,32,1
전남,장흥군,41-50세,44,2,76,24,49,3
전남,장흥군,51-60세,74,4,106,39,67,0
전남,장흥군,61-64세,18,0,30,13,16,1
전남,장흥군,65세이상,66,2,97,42,53,2
전남,장흥군,불명,2,0,2,0,1,1
전남,강진군,13-20세,5,1,5,2,3,0
전남,강진군,21-30세,16,1,33,10,23,0
전남,강진군,31-40세,27,1,44,19,25,0
전남,강진군,41-50세,54,4,93,24,63,6
전남,강진군,51-60세,66,4,110,33,73,4
전남,강진군,61-64세,10,0,15,2,12,1
전남,강진군,65세이상,55,3,72,25,45,2
전남,강진군,불명,1,0,1,0,1,0
전남,해남군,13-20세,11,0,25,4,17,4
전남,해남군,21-30세,31,1,45,10,31,4
전남,해남군,31-40세,42,2,58,20,33,5
전남,해남군,41-50세,102,9,165,56,102,7
전남,해남군,51-60세,98,5,174,37,123,14
전남,해남군,61-64세,29,1,58,17,34,7
전남,해남군,65세이상,72,6,111,30,68,13
전남,해남군,불명,3,0,3,1,2,0
전남,영암군,12세이하,2,0,2,0,2,0
전남,영암군,13-20세,3,0,3,0,3,0
전남,영암군,21-30세,70,5,144,28,114,2
전남,영암군,31-40세,103,2,175,38,133,4
전남,영암군,41-50세,120,6,228,42,183,3
전남,영암군,51-60세,116,4,198,54,143,1
전남,영암군,61-64세,28,1,49,16,33,0
전남,영암군,65세이상,89,6,165,50,111,4
전남,영암군,불명,5,0,5,0,5,0
전남,무안군,12세이하,1,0,1,0,1,0
전남,무안군,13-20세,15,1,25,8,16,1
전남,무안군,21-30세,59,2,98,26,72,0
전남,무안군,31-40세,71,6,128,28,97,3
전남,무안군,41-50세,97,3,152,30,119,3
전남,무안군,51-60세,94,3,161,28,131,2
전남,무안군,61-64세,24,5,34,8,25,1
전남,무안군,65세이상,72,1,107,31,71,5
전남,무안군,불명,9,0,9,3,6,0
전남,함평군,13-20세,3,0,4,3,1,0
전남,함평군,21-30세,21,2,38,6,28,4
전남,함평군,31-40세,24,0,37,6,30,1
전남,함평군,41-50세,45,2,71,12,56,3
전남,함평군,51-60세,39,2,66,13,51,2
전남,함평군,61-64세,8,0,12,4,7,1
전남,함평군,65세이상,36,3,71,12,55,4
전남,함평군,불명,4,0,4,1,3,0
전남,영광군,13-20세,5,0,12,3,9,0
전남,영광군,21-30세,19,0,26,10,15,1
전남,영광군,31-40세,23,1,33,9,24,0
전남,영광군,41-50세,47,3,98,38,57,3
전남,영광군,51-60세,61,4,105,28,73,4
전남,영광군,61-64세,17,1,29,7,21,1
전남,영광군,65세이상,60,10,85,28,51,6
전남,장성군,13-20세,3,0,4,1,2,1
전남,장성군,21-30세,27,1,43,9,32,2
전남,장성군,31-40세,36,3,73,23,39,11
전남,장성군,41-50세,73,3,117,41,75,1
전남,장성군,51-60세,56,6,92,26,62,4
전남,장성군,61-64세,11,0,17,1,13,3
전남,장성군,65세이상,40,1,62,16,41,5
전남,완도군,13-20세,8,0,23,5,18,0
전남,완도군,21-30세,11,3,17,5,12,0
전남,완도군,31-40세,24,1,42,17,21,4
전남,완도군,41-50세,36,0,60,22,36,2
전남,완도군,51-60세,46,5,79,27,52,0
전남,완도군,61-64세,16,3,16,6,10,0
전남,완도군,65세이상,37,2,47,27,16,4
전남,완도군,불명,2,0,2,1,1,0
전남,진도군,13-20세,2,0,4,1,3,0
전남,진도군,21-30세,10,0,14,1,13,0
전남,진도군,31-40세,21,2,29,11,16,2
전남,진도군,41-50세,31,2,48,18,27,3
전남,진도군,51-60세,22,2,41,8,33,0
전남,진도군,61-64세,6,0,10,3,7,0
전남,진도군,65세이상,31,3,42,18,22,2
전남,진도군,불명,2,0,2,1,1,0
전남,신안군,13-20세,2,0,4,4,0,0
전남,신안군,21-30세,6,0,11,2,8,1
전남,신안군,31-40세,14,0,33,12,21,0
전남,신안군,41-50세,12,2,15,7,7,1
전남,신안군,51-60세,31,4,47,14,32,1
전남,신안군,61-64세,9,0,17,4,12,1
전남,신안군,65세이상,22,2,25,15,8,2
전남,신안군,불명,2,0,2,0,2,0
경북,포항시,12세이하,7,0,8,1,6,1
경북,포항시,13-20세,115,1,181,57,106,18
경북,포항시,21-30세,352,5,534,146,362,26
경북,포항시,31-40세,452,4,732,193,510,29
경북,포항시,41-50세,673,14,996,247,705,44
경북,포항시,51-60세,781,11,1158,297,829,32
경북,포항시,61-64세,209,9,338,77,248,13
경북,포항시,65세이상,278,8,379,102,266,11
경북,포항시,불명,58,0,60,14,41,5
경북,경주시,12세이하,1,0,1,0,0,1
경북,경주시,13-20세,76,2,114,40,57,17
경북,경주시,21-30세,262,11,477,168,275,34
경북,경주시,31-40세,300,8,468,164,265,39
경북,경주시,41-50세,449,15,756,260,444,52
경북,경주시,51-60세,532,16,862,308,492,62
경북,경주시,61-64세,134,7,212,79,119,14
경북,경주시,65세이상,257,8,396,151,223,22
경북,경주시,불명,46,1,53,10,35,8
경북,김천시,13-20세,20,0,29,3,25,1
경북,김천시,21-30세,53,2,79,28,50,1
경북,김천시,31-40세,93,2,142,64,76,2
경북,김천시,41-50세,147,6,217,73,142,2
경북,김천시,51-60세,159,8,230,96,134,0
경북,김천시,61-64세,43,2,57,33,24,0
경북,김천시,65세이상,95,9,124,58,66,0
경북,김천시,불명,2,0,2,0,2,0
경북,안동시,12세이하,6,0,6,2,3,1
경북,안동시,13-20세,48,1,69,21,35,13
경북,안동시,21-30세,125,2,208,50,146,12
경북,안동시,31-40세,148,5,233,65,150,18
경북,안동시,41-50세,226,5,344,120,212,12
경북,안동시,51-60세,296,9,453,132,305,16
경북,안동시,61-64세,90,3,153,41,108,4
경북,안동시,65세이상,164,11,215,80,122,13
경북,안동시,불명,10,1,10,3,7,0
경북,구미시,12세이하,11,0,12,3,3,6
경북,구미시,13-20세,104,2,145,36,59,50
경북,구미시,21-30세,394,9,589,170,346,73
경북,구미시,31-40세,437,10,649,185,403,61
경북,구미시,41-50세,504,9,753,220,453,80
경북,구미시,51-60세,454,6,669,195,415,59
경북,구미시,61-64세,95,6,133,48,77,8
경북,구미시,65세이상,119,5,149,48,67,34
경북,구미시,불명,63,0,71,12,40,19
경북,영주시,12세이하,1,0,1,0,1,0
경북,영주시,13-20세,21,0,32,9,23,0
경북,영주시,21-30세,57,2,86,17,68,1
경북,영주시,31-40세,106,1,152,55,96,1
경북,영주시,41-50세,141,4,228,71,155,2
경북,영주시,51-60세,193,5,267,101,163,3
경북,영주시,61-64세,46,3,53,23,30,0
경북,영주시,65세이상,114,0,157,54,101,2
경북,영주시,불명,3,0,3,1,1,1
경북,영천시,13-20세,18,0,25,7,14,4
경북,영천시,21-30세,61,3,83,30,50,3
경북,영천시,31-40세,88,3,143,56,78,9
경북,영천시,41-50세,163,13,244,76,161,7
경북,영천시,51-60세,184,9,284,95,176,13
경북,영천시,61-64세,58,4,90,29,59,2
경북,영천시,65세이상,129,4,180,54,122,4
경북,영천시,불명,10,0,12,4,8,0
경북,문경시,12세이하,1,0,1,0,0,1
경북,문경시,13-20세,17,0,21,6,14,1
경북,문경시,21-30세,38,1,67,21,44,2
경북,문경시,31-40세,47,1,79,19,58,2
경북,문경시,41-50세,90,4,134,49,83,2
경북,문경시,51-60세,79,2,131,41,86,4
경북,문경시,61-64세,36,3,49,11,37,1
경북,문경시,65세이상,86,3,118,44,73,1
경북,문경시,불명,7,0,8,2,5,1
경북,상주시,12세이하,2,0,2,0,0,2
경북,상주시,13-20세,22,0,36,13,18,5
경북,상주시,21-30세,49,2,70,37,31,2
경북,상주시,31-40세,79,3,136,52,74,10
경북,상주시,41-50세,135,5,179,88,85,6
경북,상주시,51-60세,150,9,239,82,141,16
경북,상주시,61-64세,42,1,48,22,23,3
경북,상주시,65세이상,122,4,163,69,78,16
경북,상주시,불명,9,0,11,5,6,0
경북,군위군,13-20세,4,2,7,5,2,0
경북,군위군,21-30세,6,1,5,2,3,0
경북,군위군,31-40세,17,2,25,6,17,2
경북,군위군,41-50세,22,1,33,11,19,3
경북,군위군,51-60세,39,5,61,29,25,7
경북,군위군,61-64세,10,1,15,12,2,1
경북,군위군,65세이상,29,0,39,23,15,1
경북,의성군,13-20세,7,0,14,5,8,1
경북,의성군,21-30세,20,0,23,12,10,1
경북,의성군,31-40세,21,3,28,12,16,0
경북,의성군,41-50세,45,3,68,28,39,1
경북,의성군,51-60세,67,1,98,40,56,2
경북,의성군,61-64세,23,3,29,14,15,0
경북,의성군,65세이상,67,2,110,55,51,4
경북,청송군,13-20세,2,0,2,0,1,1
경북,청송군,21-30세,18,0,35,16,19,0
경북,청송군,31-40세,11,0,17,9,7,1
경북,청송군,41-50세,27,2,38,21,15,2
경북,청송군,51-60세,32,2,39,18,19,2
경북,청송군,61-64세,11,1,16,8,8,0
경북,청송군,65세이상,16,1,23,9,14,0
경북,청송군,불명,3,0,4,2,1,1
경북,영양군,13-20세,1,0,4,1,3,0
경북,영양군,21-30세,2,0,2,0,2,0
경북,영양군,31-40세,8,1,10,3,6,1
경북,영양군,41-50세,14,2,21,8,10,3
경북,영양군,51-60세,26,2,44,14,29,1
경북,영양군,61-64세,7,0,12,3,8,1
경북,영양군,65세이상,20,1,31,14,15,2
경북,영덕군,13-20세,3,0,4,3,0,1
경북,영덕군,21-30세,22,0,38,11,26,1
경북,영덕군,31-40세,26,2,53,15,34,4
경북,영덕군,41-50세,73,3,114,38,65,11
경북,영덕군,51-60세,60,1,118,50,67,1
경북,영덕군,61-64세,22,1,30,12,17,1
경북,영덕군,65세이상,60,5,109,48,58,3
경북,청도군,13-20세,8,0,24,9,15,0
경북,청도군,21-30세,17,1,46,21,20,5
경북,청도군,31-40세,36,2,61,25,33,3
경북,청도군,41-50세,53,2,103,35,66,2
경북,청도군,51-60세,48,1,79,32,47,0
경북,청도군,61-64세,22,0,44,17,23,4
경북,청도군,65세이상,59,3,106,43,57,6
경북,청도군,불명,2,0,2,0,1,1
경북,고령군,12세이하,1,0,1,1,0,0
경북,고령군,13-20세,9,0,15,5,10,0
경북,고령군,21-30세,23,2,48,15,33,0
경북,고령군,31-40세,40,2,64,10,53,1
경북,고령군,41-50세,50,2,84,27,57,0
경북,고령군,51-60세,61,4,105,42,63,0
경북,고령군,61-64세,12,1,14,3,11,0
경북,고령군,65세이상,39,2,65,29,36,0
경북,고령군,불명,2,0,4,1,0,3
경북,성주군,12세이하,1,0,1,0,1,0
경북,성주군,13-20세,6,2,9,5,4,0
경북,성주군,21-30세,15,1,23,4,19,0
경북,성주군,31-40세,27,0,38,11,27,0
경북,성주군,41-50세,65,6,104,46,57,1
경북,성주군,51-60세,78,7,98,39,59,0
경북,성주군,61-64세,21,0,35,10,25,0
경북,성주군,65세이상,35,5,51,15,36,0
경북,성주군,불명,3,0,3,1,2,0
경북,칠곡군,13-20세,31,1,46,12,17,17
경북,칠곡군,21-30세,117,5,209,59,102,48
경북,칠곡군,31-40세,157,12,263,67,148,48
경북,칠곡군,41-50세,175,2,289,89,151,49
경북,칠곡군,51-60세,162,6,279,88,160,31
경북,칠곡군,61-64세,41,3,71,21,43,7
경북,칠곡군,65세이상,69,5,123,44,59,20
경북,칠곡군,불명,8,0,10,1,9,0
경북,예천군,13-20세,1,0,1,0,1,0
경북,예천군,21-30세,17,2,30,16,14,0
경북,예천군,31-40세,31,0,48,39,9,0
경북,예천군,41-50세,51,1,88,54,33,1
경북,예천군,51-60세,53,2,92,51,40,1
경북,예천군,61-64세,15,1,21,13,8,0
경북,예천군,65세이상,52,4,55,39,15,1
경북,봉화군,13-20세,2,0,2,1,1,0
경북,봉화군,21-30세,12,0,14,7,6,1
경북,봉화군,31-40세,19,1,36,14,20,2
경북,봉화군,41-50세,31,0,56,24,29,3
경북,봉화군,51-60세,46,4,75,31,38,6
경북,봉화군,61-64세,15,0,25,7,16,2
경북,봉화군,65세이상,42,1,80,30,42,8
경북,울진군,12세이하,2,0,2,0,1,1
경북,울진군,13-20세,4,0,4,1,2,1
경북,울진군,21-30세,27,4,35,21,12,2
경북,울진군,31-40세,28,2,37,21,15,1
경북,울진군,41-50세,48,2,69,34,28,7
경북,울진군,51-60세,51,0,75,31,43,1
경북,울진군,61-64세,11,0,20,7,11,2
경북,울진군,65세이상,48,4,56,23,29,4
경북,울진군,불명,3,0,3,1,2,0
경북,울릉군,13-20세,1,0,4,2,2,0
경북,울릉군,21-30세,2,0,2,1,1,0
경북,울릉군,31-40세,3,0,3,1,2,0
경북,울릉군,51-60세,8,0,16,7,9,0
경북,울릉군,65세이상,3,0,7,4,2,1
경북,경산시,12세이하,11,0,12,3,7,2
경북,경산시,13-20세,96,3,146,42,92,12
경북,경산시,21-30세,248,6,360,109,234,17
경북,경산시,31-40세,228,4,302,80,216,6
경북,경산시,41-50세,316,6,451,112,328,11
경북,경산시,51-60세,344,5,481,127,326,28
경북,경산시,61-64세,73,4,94,31,61,2
경북,경산시,65세이상,146,4,205,64,133,8
경북,경산시,불명,38,0,39,8,30,1
경남,진주시,12세이하,4,0,4,1,3,0
경남,진주시,13-20세,42,0,56,27,17,12
경남,진주시,21-30세,136,4,192,102,84,6
경남,진주시,31-40세,146,7,198,116,77,5
경남,진주시,41-50세,222,6,312,158,150,4
경남,진주시,51-60세,279,4,373,212,155,6
경남,진주시,61-64세,60,4,82,44,37,1
경남,진주시,65세이상,110,11,141,71,66,4
경남,진주시,불명,11,0,17,4,12,1
경남,통영시,12세이하,2,0,2,0,1,1
경남,통영시,13-20세,24,0,42,13,27,2
경남,통영시,21-30세,80,1,133,50,76,7
경남,통영시,31-40세,175,3,246,91,151,4
경남,통영시,41-50세,193,0,264,106,149,9
경남,통영시,51-60세,218,8,321,123,189,9
경남,통영시,61-64세,45,1,74,29,40,5
경남,통영시,65세이상,70,2,113,48,62,3
경남,통영시,불명,8,0,8,2,4,2
경남,김해시,12세이하,3,0,3,1,2,0
경남,김해시,13-20세,136,1,185,69,101,15
경남,김해시,21-30세,302,5,436,181,232,23
경남,김해시,31-40세,418,6,607,251,324,32
경남,김해시,41-50세,573,5,854,351,471,32
경남,김해시,51-60세,586,18,891,380,478,33
경남,김해시,61-64세,109,5,146,63,78,5
경남,김해시,65세이상,153,3,230,97,121,12
경남,김해시,불명,37,0,49,21,24,4
경남,밀양시,12세이하,1,0,1,1,0,0
경남,밀양시,13-20세,19,0,28,7,17,4
경남,밀양시,21-30세,48,1,68,29,37,2
경남,밀양시,31-40세,57,1,77,29,45,3
경남,밀양시,41-50세,105,5,142,64,75,3
경남,밀양시,51-60세,163,11,225,92,121,12
경남,밀양시,61-64세,42,3,61,20,35,6
경남,밀양시,65세이상,48,1,62,27,35,0
경남,밀양시,불명,6,0,8,3,5,0
경남,거제시,13-20세,46,0,56,26,26,4
경남,거제시,21-30세,191,3,274,80,169,25
경남,거제시,31-40세,275,3,405,133,245,27
경남,거제시,41-50세,321,5,566,207,316,43
경남,거제시,51-60세,275,2,404,130,247,27
경남,거제시,61-64세,59,0,116,25,79,12
경남,거제시,65세이상,61,1,88,32,55,1
경남,거제시,불명,26,0,34,9,23,2
경남,의령군,21-30세,8,0,10,4,6,0
경남,의령군,31-40세,11,0,26,7,13,6
경남,의령군,41-50세,27,0,38,14,21,3
경남,의령군,51-60세,29,2,34,26,8,0
경남,의령군,61-64세,11,0,15,4,11,0
경남,의령군,65세이상,33,4,53,25,24,4
경남,의령군,불명,1,0,1,0,0,1
경남,함안군,13-20세,7,0,18,13,5,0
경남,함안군,21-30세,46,2,83,30,53,0
경남,함안군,31-40세,50,5,86,36,49,1
경남,함안군,41-50세,81,7,112,39,68,5
경남,함안군,51-60세,93,8,131,54,68,9
경남,함안군,61-64세,19,1,34,16,18,0
경남,함안군,65세이상,57,4,85,43,40,2
경남,함안군,불명,6,0,15,1,13,1
경남,창녕군,12세이하,1,0,1,1,0,0
경남,창녕군,13-20세,5,0,7,5,1,1
경남,창녕군,21-30세,21,0,39,17,22,0
경남,창녕군,31-40세,30,3,40,18,20,2
경남,창녕군,41-50세,72,5,102,50,48,4
경남,창녕군,51-60세,96,4,146,59,86,1
경남,창녕군,61-64세,17,4,23,13,10,0
경남,창녕군,65세이상,81,7,119,63,53,3
경남,창녕군,불명,2,0,6,4,2,0
경남,양산시,12세이하,2,0,2,0,1,1
경남,양산시,13-20세,53,1,63,17,30,16
경남,양산시,21-30세,168,4,232,65,122,45
경남,양산시,31-40세,238,2,334,84,180,70
경남,양산시,41-50세,323,7,484,126,249,109
경남,양산시,51-60세,359,8,547,133,299,115
경남,양산시,61-64세,64,1,95,23,50,22
경남,양산시,65세이상,120,2,172,51,76,45
경남,양산시,불명,27,0,31,5,19,7
경남,고성군,13-20세,4,0,5,1,4,0
경남,고성군,21-30세,25,2,32,16,16,0
경남,고성군,31-40세,55,4,75,25,50,0
경남,고성군,41-50세,62,3,99,42,57,0
경남,고성군,51-60세,83,4,120,47,72,1
경남,고성군,61-64세,24,2,34,11,22,1
경남,고성군,65세이상,42,9,53,26,27,0
경남,사천시,12세이하,1,0,1,1,0,0
경남,사천시,13-20세,27,0,38,10,23,5
경남,사천시,21-30세,69,2,130,33,84,13
경남,사천시,31-40세,123,6,205,42,124,39
경남,사천시,41-50세,183,4,306,74,202,30
경남,사천시,51-60세,216,5,374,86,220,68
경남,사천시,61-64세,45,1,65,22,36,7
경남,사천시,65세이상,97,13,131,38,64,29
경남,사천시,불명,12,0,16,2,13,1
경남,남해군,13-20세,9,0,11,3,5,3
경남,남해군,21-30세,24,2,47,18,26,3
경남,남해군,31-40세,16,0,26,9,15,2
경남,남해군,41-50세,38,0,58,30,22,6
경남,남해군,51-60세,56,6,83,38,41,4
경남,남해군,61-64세,11,1,20,12,6,2
경남,남해군,65세이상,55,2,80,33,38,9
경남,하동군,13-20세,1,0,2,2,0,0
경남,하동군,21-30세,20,0,30,9,20,1
경남,하동군,31-40세,15,0,24,14,8,2
경남,하동군,41-50세,51,3,75,34,32,9
경남,하동군,51-60세,60,6,72,25,45,2
경남,하동군,61-64세,11,0,17,6,10,1
경남,하동군,65세이상,36,4,49,25,21,3
경남,하동군,불명,1,0,4,0,4,0
경남,산청군,13-20세,3,0,4,2,1,1
경남,산청군,21-30세,7,0,21,12,7,2
경남,산청군,31-40세,19,1,23,19,3,1
경남,산청군,41-50세,24,0,55,32,19,4
경남,산청군,51-60세,45,4,65,38,22,5
경남,산청군,61-64세,6,0,11,2,7,2
경남,산청군,65세이상,47,5,69,37,26,6
경남,산청군,불명,1,0,1,0,0,1
경남,함양군,12세이하,4,0,4,1,0,3
경남,함양군,13-20세,3,0,5,2,1,2
경남,함양군,21-30세,5,0,14,4,10,0
경남,함양군,31-40세,32,1,45,21,8,16
경남,함양군,41-50세,44,3,73,39,26,8
경남,함양군,51-60세,42,4,66,29,23,14
경남,함양군,61-64세,15,1,18,9,1,8
경남,함양군,65세이상,30,1,40,22,12,6
경남,거창군,12세이하,1,0,1,0,0,1
경남,거창군,13-20세,23,1,24,10,9,5
경남,거창군,21-30세,24,1,29,12,14,3
경남,거창군,31-40세,27,0,30,16,12,2
경남,거창군,41-50세,78,3,98,54,38,6
경남,거창군,51-60세,53,2,75,32,34,9
경남,거창군,61-64세,18,1,26,7,16,3
경남,거창군,65세이상,47,2,58,30,21,7
경남,거창군,불명,1,0,1,0,0,1
경남,합천군,13-20세,2,0,2,1,1,0
경남,합천군,21-30세,12,0,15,9,6,0
경남,합천군,31-40세,19,2,20,5,14,1
경남,합천군,41-50세,43,3,76,41,33,2
경남,합천군,51-60세,51,5,62,43,16,3
경남,합천군,61-64세,13,0,16,6,10,0
경남,합천군,65세이상,35,3,49,18,28,3
경남,합천군,불명,1,0,1,0,1,0
경남,창원시(통합),12세이하,2,0,2,2,0,0
경남,창원시(통합),13-20세,106,3,142,54,82,6
경남,창원시(통합),21-30세,450,8,677,204,446,27
경남,창원시(통합),31-40세,574,14,847,307,520,20
경남,창원시(통합),41-50세,777,13,1137,445,660,32
경남,창원시(통합),51-60세,890,19,1383,467,863,53
경남,창원시(통합),61-64세,231,6,310,101,199,10
경남,창원시(통합),65세이상,297,10,420,130,269,21
경남,창원시(통합),불명,60,0,66,12,33,21
제주,제주시,12세이하,9,0,9,2,2,5
제주,제주시,13-20세,98,2,150,31,99,20
제주,제주시,21-30세,597,9,961,242,635,84
제주,제주시,31-40세,661,12,984,217,671,96
제주,제주시,41-50세,781,9,1217,261,861,95
제주,제주시,51-60세,703,17,1072,215,763,94
제주,제주시,61-64세,155,3,234,64,150,20
제주,제주시,65세이상,268,6,400,115,242,43
제주,제주시,불명,110,0,119,18,69,32
제주,서귀포시,12세이하,1,0,1,0,0,1
제주,서귀포시,13-20세,39,1,56,20,19,17
제주,서귀포시,21-30세,215,7,367,119,173,75
제주,서귀포시,31-40세,211,2,346,111,182,53
제주,서귀포시,41-50세,263,10,401,123,215,63
제주,서귀포시,51-60세,260,6,420,139,238,43
제주,서귀포시,61-64세,72,2,126,42,70,14
제주,서귀포시,65세이상,192,6,269,89,118,62
제주,서귀포시,불명,10,1,10,1,4,5
대구,중구,12세이하,2,0,2,0,2,0
대구,중구,13-20세,65,0,86,18,37,31
대구,중구,21-30세,235,1,368,76,231,61
대구,중구,31-40세,178,1,266,49,180,37
대구,중구,41-50세,207,0,307,70,213,24
대구,중구,51-60세,258,1,369,89,240,40
대구,중구,61-64세,70,0,103,27,66,10
대구,중구,65세이상,134,4,193,42,120,31
대구,중구,불명,70,0,75,12,32,31
대구,동구,12세이하,2,0,2,0,1,1
대구,동구,13-20세,61,1,125,24,79,22
대구,동구,21-30세,246,2,352,93,235,24
대구,동구,31-40세,288,2,424,88,311,25
대구,동구,41-50세,335,4,490,117,340,33
대구,동구,51-60세,455,3,680,145,490,45
대구,동구,61-64세,118,1,160,40,109,11
대구,동구,65세이상,196,2,275,87,161,27
대구,동구,불명,36,0,38,9,23,6
대구,서구,12세이하,3,0,3,0,2,1
대구,서구,13-20세,54,2,78,24,42,12
대구,서구,21-30세,174,2,264,64,169,31
대구,서구,31-40세,203,2,322,73,222,27
대구,서구,41-50세,324,2,480,131,303,46
대구,서구,51-60세,391,3,591,161,387,43
대구,서구,61-64세,113,2,153,49,97,7
대구,서구,65세이상,141,0,190,72,106,12
대구,서구,불명,48,0,48,6,27,15
대구,남구,12세이하,5,0,5,2,1,2
대구,남구,13-20세,40,0,52,7,36,9
대구,남구,21-30세,145,1,238,59,158,21
대구,남구,31-40세,154,1,218,62,140,16
대구,남구,41-50세,170,2,232,66,152,14
대구,남구,51-60세,240,0,332,68,241,23
대구,남구,61-64세,82,0,114,38,71,5
대구,남구,65세이상,100,3,129,26,95,8
대구,남구,불명,36,0,38,3,30,5
대구,북구,12세이하,10,0,11,1,6,4
대구,북구,13-20세,136,1,200,38,122,40
대구,북구,21-30세,310,7,470,115,307,48
대구,북구,31-40세,380,7,543,132,375,36
대구,북구,41-50세,524,3,739,211,483,45
대구,북구,51-60세,626,6,920,246,626,48
대구,북구,61-64세,130,3,187,40,137,10
대구,북구,65세이상,253,3,351,98,216,37
대구,북구,불명,61,0,69,19,37,13
대구,수성구,12세이하,4,0,4,2,1,1
대구,수성구,13-20세,112,2,147,51,71,25
대구,수성구,21-30세,310,9,473,129,302,42
대구,수성구,31-40세,342,5,518,152,337,29
대구,수성구,41-50세,515,3,747,217,479,51
대구,수성구,51-60세,479,4,677,191,449,37
대구,수성구,61-64세,94,1,119,35,72,12
대구,수성구,65세이상,193,5,278,79,170,29
대구,수성구,불명,71,0,80,14,56,10
대구,달서구,12세이하,13,0,14,2,8,4
대구,달서구,13-20세,204,2,261,61,161,39
대구,달서구,21-30세,493,7,741,180,507,54
대구,달서구,31-40세,555,3,810,181,572,57
대구,달서구,41-50세,768,7,1068,237,753,78
대구,달서구,51-60세,856,9,1226,257,896,73
대구,달서구,61-64세,210,3,291,71,200,20
대구,달서구,65세이상,287,2,396,77,291,28
대구,달서구,불명,107,0,115,18,63,34
대구,달성군,12세이하,5,0,5,2,3,0
대구,달성군,13-20세,37,0,51,14,26,11
대구,달성군,21-30세,110,4,162,57,92,13
대구,달성군,31-40세,133,3,210,65,132,13
대구,달성군,41-50세,171,7,255,86,160,9
대구,달성군,51-60세,198,4,295,85,196,14
대구,달성군,61-64세,41,3,53,23,28,2
대구,달성군,65세이상,86,6,117,41,68,8
대구,달성군,불명,25,0,28,6,18,4
인천,중구,12세이하,1,0,1,0,0,1
인천,중구,13-20세,25,0,44,5,27,12
인천,중구,21-30세,75,6,120,24,83,13
인천,중구,31-40세,81,0,134,37,88,9
인천,중구,41-50세,116,3,208,61,125,22
인천,중구,51-60세,112,2,187,58,114,15
인천,중구,61-64세,21,0,32,10,21,1
인천,중구,65세이상,33,0,47,11,29,7
인천,중구,불명,17,0,17,2,11,4
인천,동구,13-20세,6,0,8,4,3,1
인천,동구,21-30세,6,0,10,3,6,1
인천,동구,31-40세,19,0,34,7,27,0
인천,동구,41-50세,36,2,50,15,32,3
인천,동구,51-60세,32,2,49,19,28,2
인천,동구,61-64세,6,0,7,3,4,0
인천,동구,65세이상,18,1,24,11,10,3
인천,동구,불명,10,0,10,2,4,4
인천,남구,13-20세,57,2,71,19,38,14
인천,남구,21-30세,190,1,333,71,246,16
인천,남구,31-40세,212,2,304,65,219,20
인천,남구,41-50세,281,5,399,79,302,18
인천,남구,51-60세,332,3,442,88,334,20
인천,남구,61-64세,88,3,133,32,94,7
인천,남구,65세이상,113,2,166,53,107,6
인천,남구,불명,54,0,57,4,36,17
인천,부평구,12세이하,3,0,4,0,3,1
인천,부평구,13-20세,58,1,79,36,38,5
인천,부평구,21-30세,238,0,379,108,258,13
인천,부평구,31-40세,252,5,391,107,269,15
인천,부평구,41-50세,333,5,516,145,356,15
인천,부평구,51-60세,336,5,455,130,311,14
인천,부평구,61-64세,66,1,98,22,68,8
인천,부평구,65세이상,94,0,127,51,74,2
인천,부평구,불명,67,0,71,8,47,16
인천,남동구,12세이하,1,0,1,0,1,0
인천,남동구,13-20세,57,1,79,18,56,5
인천,남동구,21-30세,294,3,478,105,361,12
인천,남동구,31-40세,359,1,557,125,416,16
인천,남동구,41-50세,440,5,680,162,496,22
인천,남동구,51-60세,468,4,665,178,465,22
인천,남동구,61-64세,129,2,186,48,135,3
인천,남동구,65세이상,152,3,252,66,181,5
인천,남동구,불명,79,0,95,15,57,23
인천,서구,12세이하,3,0,3,0,2,1
인천,서구,13-20세,55,2,71,16,49,6
인천,서구,21-30세,204,4,336,87,239,10
인천,서구,31-40세,239,5,359,87,250,22
인천,서구,41-50세,331,7,561,143,394,24
인천,서구,51-60세,359,3,590,151,422,17
인천,서구,61-64세,61,1,104,26,69,9
인천,서구,65세이상,78,4,109,38,68,3
인천,서구,불명,74,0,81,8,49,24
인천,연수구,13-20세,18,1,30,10,17,3
인천,연수구,21-30세,118,1,187,61,124,2
인천,연수구,31-40세,128,2,207,52,149,6
인천,연수구,41-50세,173,6,257,83,170,4
인천,연수구,51-60세,162,2,249,72,175,2
인천,연수구,61-64세,33,3,43,17,26,0
인천,연수구,65세이상,47,0,71,28,41,2
인천,연수구,불명,27,0,29,9,16,4
인천,계양구,12세이하,3,0,3,1,2,0
인천,계양구,13-20세,45,1,52,23,26,3
인천,계양구,21-30세,111,0,157,50,98,9
인천,계양구,31-40세,160,2,228,74,146,8
인천,계양구,41-50세,245,5,358,95,250,13
인천,계양구,51-60세,270,5,397,132,256,9
인천,계양구,61-64세,56,3,108,40,67,1
인천,계양구,65세이상,61,2,81,27,52,2
인천,계양구,불명,18,0,18,3,12,3
인천,강화군,13-20세,4,0,4,0,2,2
인천,강화군,21-30세,21,0,44,20,23,1
인천,강화군,31-40세,27,0,45,24,21,0
인천,강화군,41-50세,48,2,68,31,37,0
인천,강화군,51-60세,69,0,118,54,61,3
인천,강화군,61-64세,25,1,32,17,14,1
인천,강화군,65세이상,40,1,54,29,23,2
인천,강화군,불명,5,0,5,2,2,1
인천,옹진군,21-30세,6,0,14,7,7,0
인천,옹진군,31-40세,6,1,6,4,2,0
인천,옹진군,41-50세,9,1,17,3,13,1
인천,옹진군,51-60세,10,0,15,4,11,0
인천,옹진군,61-64세,2,0,3,0,3,0
인천,옹진군,65세이상,7,1,8,2,5,1
인천,옹진군,불명,2,0,2,0,1,1
광주,동구,13-20세,30,0,49,7,39,3
광주,동구,21-30세,126,2,195,27,161,7
광주,동구,31-40세,83,1,129,17,107,5
광주,동구,41-50세,130,1,193,30,157,6
광주,동구,51-60세,167,0,270,34,229,7
광주,동구,61-64세,43,0,67,7,58,2
광주,동구,65세이상,83,3,129,16,109,4
광주,동구,불명,10,0,11,4,7,0
광주,서구,12세이하,3,0,3,1,2,0
광주,서구,13-20세,70,2,111,19,90,2
광주,서구,21-30세,359,6,649,76,559,14
광주,서구,31-40세,422,5,688,81,598,9
광주,서구,41-50세,420,3,700,87,601,12
광주,서구,51-60세,483,4,729,94,619,16
광주,서구,61-64세,107,0,159,22,135,2
광주,서구,65세이상,161,3,254,33,218,3
광주,서구,불명,74,0,83,11,68,4
광주,북구,12세이하,2,0,2,0,1,1
광주,북구,13-20세,96,1,143,39,93,11
광주,북구,21-30세,350,3,584,72,497,15
광주,북구,31-40세,361,8,621,90,518,13
광주,북구,41-50세,433,5,704,84,608,12
광주,북구,51-60세,533,7,834,110,716,8
광주,북구,61-64세,119,3,191,27,160,4
광주,북구,65세이상,190,3,301,36,256,9
광주,북구,불명,87,0,95,9,73,13
광주,광산구,12세이하,2,0,2,0,2,0
광주,광산구,13-20세,88,1,133,15,109,9
광주,광산구,21-30세,274,3,470,51,403,16
광주,광산구,31-40세,393,3,654,85,552,17
광주,광산구,41-50세,539,9,878,105,753,20
광주,광산구,51-60세,433,3,731,76,636,19
광주,광산구,61-64세,75,4,131,17,111,3
광주,광산구,65세이상,131,4,204,35,163,6
광주,광산구,불명,65,0,74,5,59,10
광주,남구,12세이하,1,0,1,0,0,1
광주,남구,13-20세,26,0,34,5,25,4
광주,남구,21-30세,134,3,228,35,180,13
광주,남구,31-40세,156,1,256,24,219,13
광주,남구,41-50세,187,3,274,45,221,8
광주,남구,51-60세,255,1,418,50,346,22
광주,남구,61-64세,52,0,65,11,52,2
광주,남구,65세이상,79,2,115,18,92,5
광주,남구,불명,32,0,34,2,25,7
대전,동구,12세이하,1,0,1,1,0,0
대전,동구,13-20세,40,0,61,8,50,3
대전,동구,21-30세,181,4,262,61,195,6
대전,동구,31-40세,182,1,292,65,220,7
대전,동구,41-50세,237,3,323,70,247,6
대전,동구,51-60세,360,6,495,120,366,9
대전,동구,61-64세,57,2,71,16,52,3
대전,동구,65세이상,127,6,178,49,129,0
대전,동구,불명,9,0,11,3,7,1
대전,중구,12세이하,1,0,1,0,1,0
대전,중구,13-20세,42,0,76,24,52,0
대전,중구,21-30세,134,3,220,66,153,1
대전,중구,31-40세,194,1,317,59,253,5
대전,중구,41-50세,282,3,430,106,320,4
대전,중구,51-60세,322,3,473,125,345,3
대전,중구,61-64세,89,1,124,32,89,3
대전,중구,65세이상,111,3,175,49,125,1
대전,중구,불명,42,0,51,6,41,4
대전,서구,12세이하,1,0,1,0,1,0
대전,서구,13-20세,58,2,82,20,62,0
대전,서구,21-30세,420,8,652,107,527,18
대전,서구,31-40세,404,4,613,130,473,10
대전,서구,41-50세,517,4,828,163,647,18
대전,서구,51-60세,530,2,794,183,597,14
대전,서구,61-64세,109,3,168,26,135,7
대전,서구,65세이상,145,0,237,53,171,13
대전,서구,불명,81,0,89,10,70,9
대전,유성구,13-20세,35,2,52,11,41,0
대전,유성구,21-30세,213,5,318,90,222,6
대전,유성구,31-40세,314,9,496,108,379,9
대전,유성구,41-50세,350,3,551,133,404,14
대전,유성구,51-60세,344,1,555,126,422,7
대전,유성구,61-64세,57,2,101,22,77,2
대전,유성구,65세이상,97,1,151,24,123,4
대전,유성구,불명,39,0,44,4,38,2
대전,대덕구,13-20세,18,0,33,3,24,6
대전,대덕구,21-30세,123,2,191,55,128,8
대전,대덕구,31-40세,114,1,151,56,90,5
대전,대덕구,41-50세,181,4,260,83,171,6
대전,대덕구,51-60세,221,7,322,82,235,5
대전,대덕구,61-64세,29,0,40,14,26,0
대전,대덕구,65세이상,68,1,95,24,70,1
대전,대덕구,불명,22,0,28,5,20,3
울산,중구,12세이하,1,0,1,1,0,0
울산,중구,13-20세,53,1,79,23,45,11
울산,중구,21-30세,140,3,218,62,135,21
울산,중구,31-40세,180,4,263,77,164,22
울산,중구,41-50세,215,0,310,82,209,19
울산,중구,51-60세,258,1,380,105,247,28
울산,중구,61-64세,67,0,92,21,66,5
울산,중구,65세이상,96,2,143,46,81,16
울산,중구,불명,26,0,30,4,15,11
울산,남구,12세이하,2,0,2,1,1,0
울산,남구,13-20세,49,2,66,17,43,6
울산,남구,21-30세,301,1,454,116,316,22
울산,남구,31-40세,303,4,408,102,284,22
울산,남구,41-50세,448,4,636,177,431,28
울산,남구,51-60세,421,6,616,172,430,14
울산,남구,61-64세,106,0,150,38,107,5
울산,남구,65세이상,106,5,152,49,95,8
울산,남구,불명,70,0,80,11,63,6
울산,동구,13-20세,24,2,32,8,23,1
울산,동구,21-30세,111,1,150,55,92,3
울산,동구,31-40세,110,2,143,58,79,6
울산,동구,41-50세,121,3,162,55,106,1
울산,동구,51-60세,125,2,168,59,108,1
울산,동구,61-64세,42,1,56,21,35,0
울산,동구,65세이상,33,1,40,16,24,0
울산,동구,불명,26,0,27,7,17,3
울산,북구,12세이하,2,0,2,0,2,0
울산,북구,13-20세,42,1,55,20,26,9
울산,북구,21-30세,137,4,236,60,155,21
울산,북구,31-40세,151,3,257,74,159,24
울산,북구,41-50세,215,2,355,105,216,34
울산,북구,51-60세,198,5,340,103,215,22
울산,북구,61-64세,42,1,56,16,37,3
울산,북구,65세이상,47,1,78,19,50,9
울산,북구,불명,12,0,14,3,8,3
울산,울주군,13-20세,26,0,38,9,20,9
울산,울주군,21-30세,134,4,197,54,110,33
울산,울주군,31-40세,169,5,248,72,132,44
울산,울주군,41-50세,288,6,461,134,268,59
울산,울주군,51-60세,275,8,450,134,259,57
울산,울주군,61-64세,78,3,127,44,62,21
울산,울주군,65세이상,98,6,148,42,85,21
울산,울주군,불명,20,0,23,3,16,4
세종,세종,12세이하,1,0,1,0,1,0
세종,세종,13-20세,13,0,22,10,11,1
세종,세종,21-30세,64,3,117,44,67,6
세종,세종,31-40세,110,2,185,59,121,5
세종,세종,41-50세,150,3,264,91,164,9
세종,세종,51-60세,117,3,194,72,117,5
세종,세종,61-64세,25,1,33,12,19,2
세종,세종,65세이상,46,7,61,20,39,2
세종,세종,불명,10,0,10,3,6,1
